record_id,year,quarter,facility_id,operator,region_code,region_name,commodity,diesel_l,gasoline_l,coal_t,purchased_electricity_kwh,report_basis,source_office,data_status
EC-2021Q1-001,2021,1,MGB-FAC-001,Synthetic Mineral Operation 01,R04A,CALABARZON,Gold ore,105289.4,23554.8,0,276108.8,MGB Form 29-18 Quarterly Energy Consumption Report,DENR-MGB,SYNTHETIC_DEMO
EC-2021Q1-002,2021,1,MGB-FAC-002,Synthetic Mineral Operation 02,R08,Eastern Visayas,Copper concentrate,149093.4,20974.9,0,1373448.9,MGB Form 29-18 Quarterly Energy Consumption Report,DENR-MGB,SYNTHETIC_DEMO
EC-2021Q1-003,2021,1,MGB-FAC-003,Synthetic Mineral Operation 03,R13,Caraga,Limestone,20123.7,2725.2,1717.8,1492078.9,MGB Form 29-18 Quarterly Energy Consumption Report,DENR-MGB,SYNTHETIC_DEMO
EC-2021Q1-004,2021,1,MGB-FAC-004,Synthetic Mineral Operation 04,R02,Cagayan Valley,Silica,182244.8,1644.5,0,2131657.5,MGB Form 29-18 Quarterly Energy Consumption Report,DENR-MGB,SYNTHETIC_DEMO
EC-2021Q1-005,2021,1,MGB-FAC-005,Synthetic Mineral Operation 05,R06,Western Visayas,Chromite,99714.4,5113.9,0,1747122.6,MGB Form 29-18 Quarterly Energy Consumption Report,DENR-MGB,SYNTHETIC_DEMO
EC-2021Q1-006,2021,1,MGB-FAC-006,Synthetic Mineral Operation 06,R11,Davao Region,Aggregates,94676.7,8845.8,0,1019918.8,MGB Form 29-18 Quarterly Energy Consumption Report,DENR-MGB,SYNTHETIC_DEMO
EC-2021Q1-007,2021,1,MGB-FAC-007,Synthetic Mineral Operation 07,CAR,Cordillera Administrative Region,Nickel ore,116768.7,17141.9,1527.2,2556660.3,MGB Form 29-18 Quarterly Energy Consumption Report,DENR-MGB,SYNTHETIC_DEMO
EC-2021Q1-008,2021,1,MGB-FAC-008,Synthetic Mineral Operation 08,MIMAROPA,MIMAROPA Region,Gold ore,74992.5,24239.4,0,1832188.3,MGB Form 29-18 Quarterly Energy Consumption Report,DENR-MGB,SYNTHETIC_DEMO
EC-2021Q1-009,2021,1,MGB-FAC-009,Synthetic Mineral Operation 09,R09,Zamboanga Peninsula,Copper concentrate,87069.7,12143.9,0,1060639.8,MGB Form 29-18 Quarterly Energy Consumption Report,DENR-MGB,SYNTHETIC_DEMO
EC-2021Q1-010,2021,1,MGB-FAC-010,Synthetic Mineral Operation 10,BARMM,Bangsamoro Autonomous Region in Muslim Mindanao,Limestone,91855.3,2075.1,371.2,2447934.1,MGB Form 29-18 Quarterly Energy Consumption Report,DENR-MGB,SYNTHETIC_DEMO
EC-2021Q1-011,2021,1,MGB-FAC-011,Synthetic Mineral Operation 11,R03,Central Luzon,Silica,144410.5,10776.3,0,609930.9,MGB Form 29-18 Quarterly Energy Consumption Report,DENR-MGB,SYNTHETIC_DEMO
EC-2021Q1-012,2021,1,MGB-FAC-012,Synthetic Mineral Operation 12,R07,Central Visayas,Chromite,84790,5737.4,0,2387015.4,MGB Form 29-18 Quarterly Energy Consumption Report,DENR-MGB,SYNTHETIC_DEMO
EC-2021Q1-013,2021,1,MGB-FAC-013,Synthetic Mineral Operation 13,R12,SOCCSKSARGEN,Aggregates,33856,12654.7,0,2202331.1,MGB Form 29-18 Quarterly Energy Consumption Report,DENR-MGB,SYNTHETIC_DEMO
EC-2021Q1-014,2021,1,MGB-FAC-014,Synthetic Mineral Operation 14,R01,Ilocos Region,Nickel ore,132781.2,2038.3,1672.2,2447976,MGB Form 29-18 Quarterly Energy Consumption Report,DENR-MGB,SYNTHETIC_DEMO
EC-2021Q1-015,2021,1,MGB-FAC-015,Synthetic Mineral Operation 15,R05,Bicol Region,Gold ore,94116.4,2448.7,0,1982599.7,MGB Form 29-18 Quarterly Energy Consumption Report,DENR-MGB,SYNTHETIC_DEMO
EC-2021Q1-016,2021,1,MGB-FAC-016,Synthetic Mineral Operation 16,R10,Northern Mindanao,Copper concentrate,185410.3,4105.8,0,2408460.2,MGB Form 29-18 Quarterly Energy Consumption Report,DENR-MGB,SYNTHETIC_DEMO
EC-2021Q1-017,2021,1,MGB-FAC-017,Synthetic Mineral Operation 17,NCR,National Capital Region,Limestone,148884.5,20086.5,1401.6,1826534.1,MGB Form 29-18 Quarterly Energy Consumption Report,DENR-MGB,SYNTHETIC_DEMO
EC-2021Q1-018,2021,1,MGB-FAC-018,Synthetic Mineral Operation 18,R04A,CALABARZON,Silica,88553.4,1663.8,0,462176.9,MGB Form 29-18 Quarterly Energy Consumption Report,DENR-MGB,SYNTHETIC_DEMO
EC-2021Q1-019,2021,1,MGB-FAC-019,Synthetic Mineral Operation 19,R08,Eastern Visayas,Chromite,137721,12386.5,0,1076082.9,MGB Form 29-18 Quarterly Energy Consumption Report,DENR-MGB,SYNTHETIC_DEMO
EC-2021Q1-020,2021,1,MGB-FAC-020,Synthetic Mineral Operation 20,R13,Caraga,Aggregates,35898.7,23687.1,0,2308987.5,MGB Form 29-18 Quarterly Energy Consumption Report,DENR-MGB,SYNTHETIC_DEMO
EC-2021Q1-021,2021,1,MGB-FAC-021,Synthetic Mineral Operation 21,R02,Cagayan Valley,Nickel ore,11666.2,13353,259.8,1009138.4,MGB Form 29-18 Quarterly Energy Consumption Report,DENR-MGB,SYNTHETIC_DEMO
EC-2021Q1-022,2021,1,MGB-FAC-022,Synthetic Mineral Operation 22,R06,Western Visayas,Gold ore,82807.5,10735.2,0,1902833.7,MGB Form 29-18 Quarterly Energy Consumption Report,DENR-MGB,SYNTHETIC_DEMO
EC-2021Q1-023,2021,1,MGB-FAC-023,Synthetic Mineral Operation 23,R11,Davao Region,Copper concentrate,116722.9,3610.8,0,2435633.2,MGB Form 29-18 Quarterly Energy Consumption Report,DENR-MGB,SYNTHETIC_DEMO
EC-2021Q1-024,2021,1,MGB-FAC-024,Synthetic Mineral Operation 24,CAR,Cordillera Administrative Region,Limestone,168418,21520.2,595.4,2511946.6,MGB Form 29-18 Quarterly Energy Consumption Report,DENR-MGB,SYNTHETIC_DEMO
EC-2021Q1-025,2021,1,MGB-FAC-025,Synthetic Mineral Operation 25,MIMAROPA,MIMAROPA Region,Silica,128427.9,4841.6,0,1894256,MGB Form 29-18 Quarterly Energy Consumption Report,DENR-MGB,SYNTHETIC_DEMO
EC-2021Q1-026,2021,1,MGB-FAC-026,Synthetic Mineral Operation 26,R09,Zamboanga Peninsula,Chromite,136020.9,3187.3,0,2551857.6,MGB Form 29-18 Quarterly Energy Consumption Report,DENR-MGB,SYNTHETIC_DEMO
EC-2021Q1-027,2021,1,MGB-FAC-027,Synthetic Mineral Operation 27,BARMM,Bangsamoro Autonomous Region in Muslim Mindanao,Aggregates,162071.6,21040.8,0,467099.5,MGB Form 29-18 Quarterly Energy Consumption Report,DENR-MGB,SYNTHETIC_DEMO
EC-2021Q1-028,2021,1,MGB-FAC-028,Synthetic Mineral Operation 28,R03,Central Luzon,Nickel ore,39796.2,22611.7,1301.3,539643.8,MGB Form 29-18 Quarterly Energy Consumption Report,DENR-MGB,SYNTHETIC_DEMO
EC-2021Q1-029,2021,1,MGB-FAC-029,Synthetic Mineral Operation 29,R07,Central Visayas,Gold ore,153090.2,18695.9,0,154156.4,MGB Form 29-18 Quarterly Energy Consumption Report,DENR-MGB,SYNTHETIC_DEMO
EC-2021Q1-030,2021,1,MGB-FAC-030,Synthetic Mineral Operation 30,R12,SOCCSKSARGEN,Copper concentrate,33434.8,19722.8,0,856327.5,MGB Form 29-18 Quarterly Energy Consumption Report,DENR-MGB,SYNTHETIC_DEMO
EC-2021Q1-031,2021,1,MGB-FAC-031,Synthetic Mineral Operation 31,R01,Ilocos Region,Limestone,109629.4,8490.7,913.3,2205644.7,MGB Form 29-18 Quarterly Energy Consumption Report,DENR-MGB,SYNTHETIC_DEMO
EC-2021Q1-032,2021,1,MGB-FAC-032,Synthetic Mineral Operation 32,R05,Bicol Region,Silica,121726.3,5259.9,0,1611769.2,MGB Form 29-18 Quarterly Energy Consumption Report,DENR-MGB,SYNTHETIC_DEMO
EC-2021Q1-033,2021,1,MGB-FAC-033,Synthetic Mineral Operation 33,R10,Northern Mindanao,Chromite,174504.2,2025.7,0,1737533.2,MGB Form 29-18 Quarterly Energy Consumption Report,DENR-MGB,SYNTHETIC_DEMO
EC-2021Q1-034,2021,1,MGB-FAC-034,Synthetic Mineral Operation 34,NCR,National Capital Region,Aggregates,61514.7,24306.4,0,1407398.5,MGB Form 29-18 Quarterly Energy Consumption Report,DENR-MGB,SYNTHETIC_DEMO
EC-2021Q1-035,2021,1,MGB-FAC-035,Synthetic Mineral Operation 35,R04A,CALABARZON,Nickel ore,12198.3,21692.1,2030.8,1826938.9,MGB Form 29-18 Quarterly Energy Consumption Report,DENR-MGB,SYNTHETIC_DEMO
EC-2021Q1-036,2021,1,MGB-FAC-036,Synthetic Mineral Operation 36,R08,Eastern Visayas,Gold ore,109180.9,11839.7,0,922453.4,MGB Form 29-18 Quarterly Energy Consumption Report,DENR-MGB,SYNTHETIC_DEMO
EC-2021Q2-001,2021,2,MGB-FAC-001,Synthetic Mineral Operation 01,R04A,CALABARZON,Gold ore,3902.2,1909.5,0,1765544.5,MGB Form 29-18 Quarterly Energy Consumption Report,DENR-MGB,SYNTHETIC_DEMO
EC-2021Q2-002,2021,2,MGB-FAC-002,Synthetic Mineral Operation 02,R08,Eastern Visayas,Copper concentrate,114812.4,3261.2,0,1498285.8,MGB Form 29-18 Quarterly Energy Consumption Report,DENR-MGB,SYNTHETIC_DEMO
EC-2021Q2-003,2021,2,MGB-FAC-003,Synthetic Mineral Operation 03,R13,Caraga,Limestone,158272.5,19470.5,1307.6,806813.7,MGB Form 29-18 Quarterly Energy Consumption Report,DENR-MGB,SYNTHETIC_DEMO
EC-2021Q2-004,2021,2,MGB-FAC-004,Synthetic Mineral Operation 04,R02,Cagayan Valley,Silica,53815.6,20998,0,1656665.3,MGB Form 29-18 Quarterly Energy Consumption Report,DENR-MGB,SYNTHETIC_DEMO
EC-2021Q2-005,2021,2,MGB-FAC-005,Synthetic Mineral Operation 05,R06,Western Visayas,Chromite,98930.4,24995.7,0,173178.7,MGB Form 29-18 Quarterly Energy Consumption Report,DENR-MGB,SYNTHETIC_DEMO
EC-2021Q2-006,2021,2,MGB-FAC-006,Synthetic Mineral Operation 06,R11,Davao Region,Aggregates,90399.8,1733.2,0,71937.5,MGB Form 29-18 Quarterly Energy Consumption Report,DENR-MGB,SYNTHETIC_DEMO
EC-2021Q2-007,2021,2,MGB-FAC-007,Synthetic Mineral Operation 07,CAR,Cordillera Administrative Region,Nickel ore,17898.8,1398.2,1623.3,927210.3,MGB Form 29-18 Quarterly Energy Consumption Report,DENR-MGB,SYNTHETIC_DEMO
EC-2021Q2-008,2021,2,MGB-FAC-008,Synthetic Mineral Operation 08,MIMAROPA,MIMAROPA Region,Gold ore,12432,8506.4,0,2508829.8,MGB Form 29-18 Quarterly Energy Consumption Report,DENR-MGB,SYNTHETIC_DEMO
EC-2021Q2-009,2021,2,MGB-FAC-009,Synthetic Mineral Operation 09,R09,Zamboanga Peninsula,Copper concentrate,100485.7,17170.8,0,1571172.7,MGB Form 29-18 Quarterly Energy Consumption Report,DENR-MGB,SYNTHETIC_DEMO
EC-2021Q2-010,2021,2,MGB-FAC-010,Synthetic Mineral Operation 10,BARMM,Bangsamoro Autonomous Region in Muslim Mindanao,Limestone,96704.9,2966.8,2236.4,2574694,MGB Form 29-18 Quarterly Energy Consumption Report,DENR-MGB,SYNTHETIC_DEMO
EC-2021Q2-011,2021,2,MGB-FAC-011,Synthetic Mineral Operation 11,R03,Central Luzon,Silica,129089,15212.8,0,249746.8,MGB Form 29-18 Quarterly Energy Consumption Report,DENR-MGB,SYNTHETIC_DEMO
EC-2021Q2-012,2021,2,MGB-FAC-012,Synthetic Mineral Operation 12,R07,Central Visayas,Chromite,20549.2,15638.6,0,1939062.7,MGB Form 29-18 Quarterly Energy Consumption Report,DENR-MGB,SYNTHETIC_DEMO
EC-2021Q2-013,2021,2,MGB-FAC-013,Synthetic Mineral Operation 13,R12,SOCCSKSARGEN,Aggregates,131478.4,17428,0,889152.6,MGB Form 29-18 Quarterly Energy Consumption Report,DENR-MGB,SYNTHETIC_DEMO
EC-2021Q2-014,2021,2,MGB-FAC-014,Synthetic Mineral Operation 14,R01,Ilocos Region,Nickel ore,112976,18475.9,82.3,164158,MGB Form 29-18 Quarterly Energy Consumption Report,DENR-MGB,SYNTHETIC_DEMO
EC-2021Q2-015,2021,2,MGB-FAC-015,Synthetic Mineral Operation 15,R05,Bicol Region,Gold ore,168992.3,13419.1,0,1006670.2,MGB Form 29-18 Quarterly Energy Consumption Report,DENR-MGB,SYNTHETIC_DEMO
EC-2021Q2-016,2021,2,MGB-FAC-016,Synthetic Mineral Operation 16,R10,Northern Mindanao,Copper concentrate,62059.8,10939.8,0,1093082.5,MGB Form 29-18 Quarterly Energy Consumption Report,DENR-MGB,SYNTHETIC_DEMO
EC-2021Q2-017,2021,2,MGB-FAC-017,Synthetic Mineral Operation 17,NCR,National Capital Region,Limestone,105334.8,9021.6,453.9,2082592.8,MGB Form 29-18 Quarterly Energy Consumption Report,DENR-MGB,SYNTHETIC_DEMO
EC-2021Q2-018,2021,2,MGB-FAC-018,Synthetic Mineral Operation 18,R04A,CALABARZON,Silica,118197.3,12675.4,0,2378405,MGB Form 29-18 Quarterly Energy Consumption Report,DENR-MGB,SYNTHETIC_DEMO
EC-2021Q2-019,2021,2,MGB-FAC-019,Synthetic Mineral Operation 19,R08,Eastern Visayas,Chromite,39409.4,612.8,0,2415672.9,MGB Form 29-18 Quarterly Energy Consumption Report,DENR-MGB,SYNTHETIC_DEMO
EC-2021Q2-020,2021,2,MGB-FAC-020,Synthetic Mineral Operation 20,R13,Caraga,Aggregates,25930.6,10241.9,0,404698.4,MGB Form 29-18 Quarterly Energy Consumption Report,DENR-MGB,SYNTHETIC_DEMO
EC-2021Q2-021,2021,2,MGB-FAC-021,Synthetic Mineral Operation 21,R02,Cagayan Valley,Nickel ore,85350.5,16917.6,19.5,927222.3,MGB Form 29-18 Quarterly Energy Consumption Report,DENR-MGB,SYNTHETIC_DEMO
EC-2021Q2-022,2021,2,MGB-FAC-022,Synthetic Mineral Operation 22,R06,Western Visayas,Gold ore,188072.9,10674.1,0,2166552.2,MGB Form 29-18 Quarterly Energy Consumption Report,DENR-MGB,SYNTHETIC_DEMO
EC-2021Q2-023,2021,2,MGB-FAC-023,Synthetic Mineral Operation 23,R11,Davao Region,Copper concentrate,98235.2,3922.3,0,894991,MGB Form 29-18 Quarterly Energy Consumption Report,DENR-MGB,SYNTHETIC_DEMO
EC-2021Q2-024,2021,2,MGB-FAC-024,Synthetic Mineral Operation 24,CAR,Cordillera Administrative Region,Limestone,89069.3,10356.7,311,768180.8,MGB Form 29-18 Quarterly Energy Consumption Report,DENR-MGB,SYNTHETIC_DEMO
EC-2021Q2-025,2021,2,MGB-FAC-025,Synthetic Mineral Operation 25,MIMAROPA,MIMAROPA Region,Silica,152967.9,13428.7,0,103775.2,MGB Form 29-18 Quarterly Energy Consumption Report,DENR-MGB,SYNTHETIC_DEMO
EC-2021Q2-026,2021,2,MGB-FAC-026,Synthetic Mineral Operation 26,R09,Zamboanga Peninsula,Chromite,106278.6,15428.3,0,1841189.9,MGB Form 29-18 Quarterly Energy Consumption Report,DENR-MGB,SYNTHETIC_DEMO
EC-2021Q2-027,2021,2,MGB-FAC-027,Synthetic Mineral Operation 27,BARMM,Bangsamoro Autonomous Region in Muslim Mindanao,Aggregates,6589,15579.8,0,484842.2,MGB Form 29-18 Quarterly Energy Consumption Report,DENR-MGB,SYNTHETIC_DEMO
EC-2021Q2-028,2021,2,MGB-FAC-028,Synthetic Mineral Operation 28,R03,Central Luzon,Nickel ore,59595.3,21361.4,1121.8,619436.9,MGB Form 29-18 Quarterly Energy Consumption Report,DENR-MGB,SYNTHETIC_DEMO
EC-2021Q2-029,2021,2,MGB-FAC-029,Synthetic Mineral Operation 29,R07,Central Visayas,Gold ore,158433.6,21721.9,0,1601264,MGB Form 29-18 Quarterly Energy Consumption Report,DENR-MGB,SYNTHETIC_DEMO
EC-2021Q2-030,2021,2,MGB-FAC-030,Synthetic Mineral Operation 30,R12,SOCCSKSARGEN,Copper concentrate,155300.2,18561.6,0,2554459.1,MGB Form 29-18 Quarterly Energy Consumption Report,DENR-MGB,SYNTHETIC_DEMO
EC-2021Q2-031,2021,2,MGB-FAC-031,Synthetic Mineral Operation 31,R01,Ilocos Region,Limestone,139769.9,10681.7,2185.1,2049197.2,MGB Form 29-18 Quarterly Energy Consumption Report,DENR-MGB,SYNTHETIC_DEMO
EC-2021Q2-032,2021,2,MGB-FAC-032,Synthetic Mineral Operation 32,R05,Bicol Region,Silica,14997.9,20190.5,0,1431250.2,MGB Form 29-18 Quarterly Energy Consumption Report,DENR-MGB,SYNTHETIC_DEMO
EC-2021Q2-033,2021,2,MGB-FAC-033,Synthetic Mineral Operation 33,R10,Northern Mindanao,Chromite,62600.8,15100.5,0,359719.2,MGB Form 29-18 Quarterly Energy Consumption Report,DENR-MGB,SYNTHETIC_DEMO
EC-2021Q2-034,2021,2,MGB-FAC-034,Synthetic Mineral Operation 34,NCR,National Capital Region,Aggregates,76095.5,24163.8,0,380376.5,MGB Form 29-18 Quarterly Energy Consumption Report,DENR-MGB,SYNTHETIC_DEMO
EC-2021Q2-035,2021,2,MGB-FAC-035,Synthetic Mineral Operation 35,R04A,CALABARZON,Nickel ore,162338.8,20591.7,1543.8,266141.6,MGB Form 29-18 Quarterly Energy Consumption Report,DENR-MGB,SYNTHETIC_DEMO
EC-2021Q2-036,2021,2,MGB-FAC-036,Synthetic Mineral Operation 36,R08,Eastern Visayas,Gold ore,129543.3,18040.3,0,1231383.4,MGB Form 29-18 Quarterly Energy Consumption Report,DENR-MGB,SYNTHETIC_DEMO
EC-2021Q3-001,2021,3,MGB-FAC-001,Synthetic Mineral Operation 01,R04A,CALABARZON,Gold ore,182939.1,16875.8,0,1652266.9,MGB Form 29-18 Quarterly Energy Consumption Report,DENR-MGB,SYNTHETIC_DEMO
EC-2021Q3-002,2021,3,MGB-FAC-002,Synthetic Mineral Operation 02,R08,Eastern Visayas,Copper concentrate,184738.9,11393.9,0,1347400.1,MGB Form 29-18 Quarterly Energy Consumption Report,DENR-MGB,SYNTHETIC_DEMO
EC-2021Q3-003,2021,3,MGB-FAC-003,Synthetic Mineral Operation 03,R13,Caraga,Limestone,81215.9,10502.1,1447.8,2008017.7,MGB Form 29-18 Quarterly Energy Consumption Report,DENR-MGB,SYNTHETIC_DEMO
EC-2021Q3-004,2021,3,MGB-FAC-004,Synthetic Mineral Operation 04,R02,Cagayan Valley,Silica,52049.8,5724,0,1980097.4,MGB Form 29-18 Quarterly Energy Consumption Report,DENR-MGB,SYNTHETIC_DEMO
EC-2021Q3-005,2021,3,MGB-FAC-005,Synthetic Mineral Operation 05,R06,Western Visayas,Chromite,86723.8,11657.6,0,2196575.1,MGB Form 29-18 Quarterly Energy Consumption Report,DENR-MGB,SYNTHETIC_DEMO
EC-2021Q3-006,2021,3,MGB-FAC-006,Synthetic Mineral Operation 06,R11,Davao Region,Aggregates,94042.6,15263.7,0,645552.2,MGB Form 29-18 Quarterly Energy Consumption Report,DENR-MGB,SYNTHETIC_DEMO
EC-2021Q3-007,2021,3,MGB-FAC-007,Synthetic Mineral Operation 07,CAR,Cordillera Administrative Region,Nickel ore,38917.6,722.2,1526.9,1926248.3,MGB Form 29-18 Quarterly Energy Consumption Report,DENR-MGB,SYNTHETIC_DEMO
EC-2021Q3-008,2021,3,MGB-FAC-008,Synthetic Mineral Operation 08,MIMAROPA,MIMAROPA Region,Gold ore,30826.4,7457.7,0,2134326.9,MGB Form 29-18 Quarterly Energy Consumption Report,DENR-MGB,SYNTHETIC_DEMO
EC-2021Q3-009,2021,3,MGB-FAC-009,Synthetic Mineral Operation 09,R09,Zamboanga Peninsula,Copper concentrate,20812.2,22323,0,2560252.8,MGB Form 29-18 Quarterly Energy Consumption Report,DENR-MGB,SYNTHETIC_DEMO
EC-2021Q3-010,2021,3,MGB-FAC-010,Synthetic Mineral Operation 10,BARMM,Bangsamoro Autonomous Region in Muslim Mindanao,Limestone,4717.6,761.4,1886.2,1696773.1,MGB Form 29-18 Quarterly Energy Consumption Report,DENR-MGB,SYNTHETIC_DEMO
EC-2021Q3-011,2021,3,MGB-FAC-011,Synthetic Mineral Operation 11,R03,Central Luzon,Silica,98693.6,10295,0,1883078.5,MGB Form 29-18 Quarterly Energy Consumption Report,DENR-MGB,SYNTHETIC_DEMO
EC-2021Q3-012,2021,3,MGB-FAC-012,Synthetic Mineral Operation 12,R07,Central Visayas,Chromite,57385.9,14739.5,0,1639927.8,MGB Form 29-18 Quarterly Energy Consumption Report,DENR-MGB,SYNTHETIC_DEMO
EC-2021Q3-013,2021,3,MGB-FAC-013,Synthetic Mineral Operation 13,R12,SOCCSKSARGEN,Aggregates,157887.1,5838.2,0,144420.6,MGB Form 29-18 Quarterly Energy Consumption Report,DENR-MGB,SYNTHETIC_DEMO
EC-2021Q3-014,2021,3,MGB-FAC-014,Synthetic Mineral Operation 14,R01,Ilocos Region,Nickel ore,116658.6,12383,322.9,2244163.6,MGB Form 29-18 Quarterly Energy Consumption Report,DENR-MGB,SYNTHETIC_DEMO
EC-2021Q3-015,2021,3,MGB-FAC-015,Synthetic Mineral Operation 15,R05,Bicol Region,Gold ore,117997.1,17128.5,0,1938858.9,MGB Form 29-18 Quarterly Energy Consumption Report,DENR-MGB,SYNTHETIC_DEMO
EC-2021Q3-016,2021,3,MGB-FAC-016,Synthetic Mineral Operation 16,R10,Northern Mindanao,Copper concentrate,50031,5148.5,0,339216,MGB Form 29-18 Quarterly Energy Consumption Report,DENR-MGB,SYNTHETIC_DEMO
EC-2021Q3-017,2021,3,MGB-FAC-017,Synthetic Mineral Operation 17,NCR,National Capital Region,Limestone,68982.2,17634.5,1847.2,562011.5,MGB Form 29-18 Quarterly Energy Consumption Report,DENR-MGB,SYNTHETIC_DEMO
EC-2021Q3-018,2021,3,MGB-FAC-018,Synthetic Mineral Operation 18,R04A,CALABARZON,Silica,173922.8,4898.3,0,1475645,MGB Form 29-18 Quarterly Energy Consumption Report,DENR-MGB,SYNTHETIC_DEMO
EC-2021Q3-019,2021,3,MGB-FAC-019,Synthetic Mineral Operation 19,R08,Eastern Visayas,Chromite,7488.7,12892.4,0,996832.3,MGB Form 29-18 Quarterly Energy Consumption Report,DENR-MGB,SYNTHETIC_DEMO
EC-2021Q3-020,2021,3,MGB-FAC-020,Synthetic Mineral Operation 20,R13,Caraga,Aggregates,163732.9,2267,0,1041358.1,MGB Form 29-18 Quarterly Energy Consumption Report,DENR-MGB,SYNTHETIC_DEMO
EC-2021Q3-021,2021,3,MGB-FAC-021,Synthetic Mineral Operation 21,R02,Cagayan Valley,Nickel ore,165611.8,2675.2,2331.6,527642.3,MGB Form 29-18 Quarterly Energy Consumption Report,DENR-MGB,SYNTHETIC_DEMO
EC-2021Q3-022,2021,3,MGB-FAC-022,Synthetic Mineral Operation 22,R06,Western Visayas,Gold ore,109173.3,7742.6,0,349322.8,MGB Form 29-18 Quarterly Energy Consumption Report,DENR-MGB,SYNTHETIC_DEMO
EC-2021Q3-023,2021,3,MGB-FAC-023,Synthetic Mineral Operation 23,R11,Davao Region,Copper concentrate,107838.7,20342.1,0,1161481.8,MGB Form 29-18 Quarterly Energy Consumption Report,DENR-MGB,SYNTHETIC_DEMO
EC-2021Q3-024,2021,3,MGB-FAC-024,Synthetic Mineral Operation 24,CAR,Cordillera Administrative Region,Limestone,24207.2,22582.6,1008.4,2171887.2,MGB Form 29-18 Quarterly Energy Consumption Report,DENR-MGB,SYNTHETIC_DEMO
EC-2021Q3-025,2021,3,MGB-FAC-025,Synthetic Mineral Operation 25,MIMAROPA,MIMAROPA Region,Silica,128835.4,17965.9,0,1117226.2,MGB Form 29-18 Quarterly Energy Consumption Report,DENR-MGB,SYNTHETIC_DEMO
EC-2021Q3-026,2021,3,MGB-FAC-026,Synthetic Mineral Operation 26,R09,Zamboanga Peninsula,Chromite,187479.6,10217.5,0,1046239,MGB Form 29-18 Quarterly Energy Consumption Report,DENR-MGB,SYNTHETIC_DEMO
EC-2021Q3-027,2021,3,MGB-FAC-027,Synthetic Mineral Operation 27,BARMM,Bangsamoro Autonomous Region in Muslim Mindanao,Aggregates,12183.5,8430.8,0,1748559.1,MGB Form 29-18 Quarterly Energy Consumption Report,DENR-MGB,SYNTHETIC_DEMO
EC-2021Q3-028,2021,3,MGB-FAC-028,Synthetic Mineral Operation 28,R03,Central Luzon,Nickel ore,182172.8,10669.2,749.6,455747.8,MGB Form 29-18 Quarterly Energy Consumption Report,DENR-MGB,SYNTHETIC_DEMO
EC-2021Q3-029,2021,3,MGB-FAC-029,Synthetic Mineral Operation 29,R07,Central Visayas,Gold ore,75309.4,18644.2,0,1535122.8,MGB Form 29-18 Quarterly Energy Consumption Report,DENR-MGB,SYNTHETIC_DEMO
EC-2021Q3-030,2021,3,MGB-FAC-030,Synthetic Mineral Operation 30,R12,SOCCSKSARGEN,Copper concentrate,7006.7,24242,0,1119083,MGB Form 29-18 Quarterly Energy Consumption Report,DENR-MGB,SYNTHETIC_DEMO
EC-2021Q3-031,2021,3,MGB-FAC-031,Synthetic Mineral Operation 31,R01,Ilocos Region,Limestone,8911,22008.5,1047.1,424747,MGB Form 29-18 Quarterly Energy Consumption Report,DENR-MGB,SYNTHETIC_DEMO
EC-2021Q3-032,2021,3,MGB-FAC-032,Synthetic Mineral Operation 32,R05,Bicol Region,Silica,141559.1,22871.2,0,57225.2,MGB Form 29-18 Quarterly Energy Consumption Report,DENR-MGB,SYNTHETIC_DEMO
EC-2021Q3-033,2021,3,MGB-FAC-033,Synthetic Mineral Operation 33,R10,Northern Mindanao,Chromite,151890.9,11407.9,0,2490695.7,MGB Form 29-18 Quarterly Energy Consumption Report,DENR-MGB,SYNTHETIC_DEMO
EC-2021Q3-034,2021,3,MGB-FAC-034,Synthetic Mineral Operation 34,NCR,National Capital Region,Aggregates,59227.3,2387.3,0,1709780.5,MGB Form 29-18 Quarterly Energy Consumption Report,DENR-MGB,SYNTHETIC_DEMO
EC-2021Q3-035,2021,3,MGB-FAC-035,Synthetic Mineral Operation 35,R04A,CALABARZON,Nickel ore,81255,6282.1,2329.7,2048470.6,MGB Form 29-18 Quarterly Energy Consumption Report,DENR-MGB,SYNTHETIC_DEMO
EC-2021Q3-036,2021,3,MGB-FAC-036,Synthetic Mineral Operation 36,R08,Eastern Visayas,Gold ore,20083,16886.3,0,1858327.4,MGB Form 29-18 Quarterly Energy Consumption Report,DENR-MGB,SYNTHETIC_DEMO
EC-2021Q4-001,2021,4,MGB-FAC-001,Synthetic Mineral Operation 01,R04A,CALABARZON,Gold ore,123290.7,20524.3,0,2242825.2,MGB Form 29-18 Quarterly Energy Consumption Report,DENR-MGB,SYNTHETIC_DEMO
EC-2021Q4-002,2021,4,MGB-FAC-002,Synthetic Mineral Operation 02,R08,Eastern Visayas,Copper concentrate,171510.4,7526.2,0,834765,MGB Form 29-18 Quarterly Energy Consumption Report,DENR-MGB,SYNTHETIC_DEMO
EC-2021Q4-003,2021,4,MGB-FAC-003,Synthetic Mineral Operation 03,R13,Caraga,Limestone,141901.5,17471.7,2117.4,1974595,MGB Form 29-18 Quarterly Energy Consumption Report,DENR-MGB,SYNTHETIC_DEMO
EC-2021Q4-004,2021,4,MGB-FAC-004,Synthetic Mineral Operation 04,R02,Cagayan Valley,Silica,170974.5,18359.1,0,1699685.7,MGB Form 29-18 Quarterly Energy Consumption Report,DENR-MGB,SYNTHETIC_DEMO
EC-2021Q4-005,2021,4,MGB-FAC-005,Synthetic Mineral Operation 05,R06,Western Visayas,Chromite,54622,21254.6,0,150609.2,MGB Form 29-18 Quarterly Energy Consumption Report,DENR-MGB,SYNTHETIC_DEMO
EC-2021Q4-006,2021,4,MGB-FAC-006,Synthetic Mineral Operation 06,R11,Davao Region,Aggregates,178180,15726.7,0,1021635.6,MGB Form 29-18 Quarterly Energy Consumption Report,DENR-MGB,SYNTHETIC_DEMO
EC-2021Q4-007,2021,4,MGB-FAC-007,Synthetic Mineral Operation 07,CAR,Cordillera Administrative Region,Nickel ore,62400.3,19729.1,1451.7,2101187.6,MGB Form 29-18 Quarterly Energy Consumption Report,DENR-MGB,SYNTHETIC_DEMO
EC-2021Q4-008,2021,4,MGB-FAC-008,Synthetic Mineral Operation 08,MIMAROPA,MIMAROPA Region,Gold ore,71334.5,7190.9,0,89051.3,MGB Form 29-18 Quarterly Energy Consumption Report,DENR-MGB,SYNTHETIC_DEMO
EC-2021Q4-009,2021,4,MGB-FAC-009,Synthetic Mineral Operation 09,R09,Zamboanga Peninsula,Copper concentrate,104836.3,16415.5,0,128534.2,MGB Form 29-18 Quarterly Energy Consumption Report,DENR-MGB,SYNTHETIC_DEMO
EC-2021Q4-010,2021,4,MGB-FAC-010,Synthetic Mineral Operation 10,BARMM,Bangsamoro Autonomous Region in Muslim Mindanao,Limestone,182577.3,12843.2,1520.8,1552690.9,MGB Form 29-18 Quarterly Energy Consumption Report,DENR-MGB,SYNTHETIC_DEMO
EC-2021Q4-011,2021,4,MGB-FAC-011,Synthetic Mineral Operation 11,R03,Central Luzon,Silica,91195.5,4964.2,0,1146324.2,MGB Form 29-18 Quarterly Energy Consumption Report,DENR-MGB,SYNTHETIC_DEMO
EC-2021Q4-012,2021,4,MGB-FAC-012,Synthetic Mineral Operation 12,R07,Central Visayas,Chromite,89171.8,1294.7,0,427993.9,MGB Form 29-18 Quarterly Energy Consumption Report,DENR-MGB,SYNTHETIC_DEMO
EC-2021Q4-013,2021,4,MGB-FAC-013,Synthetic Mineral Operation 13,R12,SOCCSKSARGEN,Aggregates,161769.3,8853.4,0,2528419.3,MGB Form 29-18 Quarterly Energy Consumption Report,DENR-MGB,SYNTHETIC_DEMO
EC-2021Q4-014,2021,4,MGB-FAC-014,Synthetic Mineral Operation 14,R01,Ilocos Region,Nickel ore,63698.4,3165.9,695.4,1008719.7,MGB Form 29-18 Quarterly Energy Consumption Report,DENR-MGB,SYNTHETIC_DEMO
EC-2021Q4-015,2021,4,MGB-FAC-015,Synthetic Mineral Operation 15,R05,Bicol Region,Gold ore,154504.7,4531.8,0,724625.9,MGB Form 29-18 Quarterly Energy Consumption Report,DENR-MGB,SYNTHETIC_DEMO
EC-2021Q4-016,2021,4,MGB-FAC-016,Synthetic Mineral Operation 16,R10,Northern Mindanao,Copper concentrate,15739.4,22025.7,0,45959.4,MGB Form 29-18 Quarterly Energy Consumption Report,DENR-MGB,SYNTHETIC_DEMO
EC-2021Q4-017,2021,4,MGB-FAC-017,Synthetic Mineral Operation 17,NCR,National Capital Region,Limestone,90788.2,12067.1,668.3,2345289.8,MGB Form 29-18 Quarterly Energy Consumption Report,DENR-MGB,SYNTHETIC_DEMO
EC-2021Q4-018,2021,4,MGB-FAC-018,Synthetic Mineral Operation 18,R04A,CALABARZON,Silica,38853.9,20558.7,0,2075891.5,MGB Form 29-18 Quarterly Energy Consumption Report,DENR-MGB,SYNTHETIC_DEMO
EC-2021Q4-019,2021,4,MGB-FAC-019,Synthetic Mineral Operation 19,R08,Eastern Visayas,Chromite,188003.1,10048.3,0,450532.2,MGB Form 29-18 Quarterly Energy Consumption Report,DENR-MGB,SYNTHETIC_DEMO
EC-2021Q4-020,2021,4,MGB-FAC-020,Synthetic Mineral Operation 20,R13,Caraga,Aggregates,86502.1,20958.8,0,58869.7,MGB Form 29-18 Quarterly Energy Consumption Report,DENR-MGB,SYNTHETIC_DEMO
EC-2021Q4-021,2021,4,MGB-FAC-021,Synthetic Mineral Operation 21,R02,Cagayan Valley,Nickel ore,103044.7,23360.1,1453,2396873.6,MGB Form 29-18 Quarterly Energy Consumption Report,DENR-MGB,SYNTHETIC_DEMO
EC-2021Q4-022,2021,4,MGB-FAC-022,Synthetic Mineral Operation 22,R06,Western Visayas,Gold ore,185358.2,877.5,0,270002.4,MGB Form 29-18 Quarterly Energy Consumption Report,DENR-MGB,SYNTHETIC_DEMO
EC-2021Q4-023,2021,4,MGB-FAC-023,Synthetic Mineral Operation 23,R11,Davao Region,Copper concentrate,125232.3,2955,0,771011.8,MGB Form 29-18 Quarterly Energy Consumption Report,DENR-MGB,SYNTHETIC_DEMO
EC-2021Q4-024,2021,4,MGB-FAC-024,Synthetic Mineral Operation 24,CAR,Cordillera Administrative Region,Limestone,148778.1,9742,2046.6,413738,MGB Form 29-18 Quarterly Energy Consumption Report,DENR-MGB,SYNTHETIC_DEMO
EC-2021Q4-025,2021,4,MGB-FAC-025,Synthetic Mineral Operation 25,MIMAROPA,MIMAROPA Region,Silica,16633.9,11330.5,0,1556295.2,MGB Form 29-18 Quarterly Energy Consumption Report,DENR-MGB,SYNTHETIC_DEMO
EC-2021Q4-026,2021,4,MGB-FAC-026,Synthetic Mineral Operation 26,R09,Zamboanga Peninsula,Chromite,169941,20933.5,0,1314285,MGB Form 29-18 Quarterly Energy Consumption Report,DENR-MGB,SYNTHETIC_DEMO
EC-2021Q4-027,2021,4,MGB-FAC-027,Synthetic Mineral Operation 27,BARMM,Bangsamoro Autonomous Region in Muslim Mindanao,Aggregates,55106.3,20291.4,0,1648357.8,MGB Form 29-18 Quarterly Energy Consumption Report,DENR-MGB,SYNTHETIC_DEMO
EC-2021Q4-028,2021,4,MGB-FAC-028,Synthetic Mineral Operation 28,R03,Central Luzon,Nickel ore,49196.4,2848.4,2331.8,1351438.7,MGB Form 29-18 Quarterly Energy Consumption Report,DENR-MGB,SYNTHETIC_DEMO
EC-2021Q4-029,2021,4,MGB-FAC-029,Synthetic Mineral Operation 29,R07,Central Visayas,Gold ore,169662.6,19907.1,0,432780.2,MGB Form 29-18 Quarterly Energy Consumption Report,DENR-MGB,SYNTHETIC_DEMO
EC-2021Q4-030,2021,4,MGB-FAC-030,Synthetic Mineral Operation 30,R12,SOCCSKSARGEN,Copper concentrate,73115.8,5522.1,0,2413650.7,MGB Form 29-18 Quarterly Energy Consumption Report,DENR-MGB,SYNTHETIC_DEMO
EC-2021Q4-031,2021,4,MGB-FAC-031,Synthetic Mineral Operation 31,R01,Ilocos Region,Limestone,119923.9,6831.7,2194,1786756.3,MGB Form 29-18 Quarterly Energy Consumption Report,DENR-MGB,SYNTHETIC_DEMO
EC-2021Q4-032,2021,4,MGB-FAC-032,Synthetic Mineral Operation 32,R05,Bicol Region,Silica,175735.5,16177.1,0,1482626.4,MGB Form 29-18 Quarterly Energy Consumption Report,DENR-MGB,SYNTHETIC_DEMO
EC-2021Q4-033,2021,4,MGB-FAC-033,Synthetic Mineral Operation 33,R10,Northern Mindanao,Chromite,113171.6,11297.6,0,1161301.2,MGB Form 29-18 Quarterly Energy Consumption Report,DENR-MGB,SYNTHETIC_DEMO
EC-2021Q4-034,2021,4,MGB-FAC-034,Synthetic Mineral Operation 34,NCR,National Capital Region,Aggregates,175421.2,10307.5,0,1530900.4,MGB Form 29-18 Quarterly Energy Consumption Report,DENR-MGB,SYNTHETIC_DEMO
EC-2021Q4-035,2021,4,MGB-FAC-035,Synthetic Mineral Operation 35,R04A,CALABARZON,Nickel ore,142780.7,4098.4,222.2,325862.1,MGB Form 29-18 Quarterly Energy Consumption Report,DENR-MGB,SYNTHETIC_DEMO
EC-2021Q4-036,2021,4,MGB-FAC-036,Synthetic Mineral Operation 36,R08,Eastern Visayas,Gold ore,4686.2,9755.8,0,2313787.7,MGB Form 29-18 Quarterly Energy Consumption Report,DENR-MGB,SYNTHETIC_DEMO
EC-2022Q1-001,2022,1,MGB-FAC-001,Synthetic Mineral Operation 01,R04A,CALABARZON,Gold ore,8297.5,693.5,0,953250.4,MGB Form 29-18 Quarterly Energy Consumption Report,DENR-MGB,SYNTHETIC_DEMO
EC-2022Q1-002,2022,1,MGB-FAC-002,Synthetic Mineral Operation 02,R08,Eastern Visayas,Copper concentrate,152778.8,17256.4,0,1463502.7,MGB Form 29-18 Quarterly Energy Consumption Report,DENR-MGB,SYNTHETIC_DEMO
EC-2022Q1-003,2022,1,MGB-FAC-003,Synthetic Mineral Operation 03,R13,Caraga,Limestone,28648.9,3757.3,1791.3,2570076.2,MGB Form 29-18 Quarterly Energy Consumption Report,DENR-MGB,SYNTHETIC_DEMO
EC-2022Q1-004,2022,1,MGB-FAC-004,Synthetic Mineral Operation 04,R02,Cagayan Valley,Silica,84178.8,23928.8,0,592395.3,MGB Form 29-18 Quarterly Energy Consumption Report,DENR-MGB,SYNTHETIC_DEMO
EC-2022Q1-005,2022,1,MGB-FAC-005,Synthetic Mineral Operation 05,R06,Western Visayas,Chromite,146518.6,24730.9,0,1387726.2,MGB Form 29-18 Quarterly Energy Consumption Report,DENR-MGB,SYNTHETIC_DEMO
EC-2022Q1-006,2022,1,MGB-FAC-006,Synthetic Mineral Operation 06,R11,Davao Region,Aggregates,53904.4,10840.4,0,80233.6,MGB Form 29-18 Quarterly Energy Consumption Report,DENR-MGB,SYNTHETIC_DEMO
EC-2022Q1-007,2022,1,MGB-FAC-007,Synthetic Mineral Operation 07,CAR,Cordillera Administrative Region,Nickel ore,164712.4,24523.8,2241,1177976.4,MGB Form 29-18 Quarterly Energy Consumption Report,DENR-MGB,SYNTHETIC_DEMO
EC-2022Q1-008,2022,1,MGB-FAC-008,Synthetic Mineral Operation 08,MIMAROPA,MIMAROPA Region,Gold ore,129256.5,15933.5,0,490850.2,MGB Form 29-18 Quarterly Energy Consumption Report,DENR-MGB,SYNTHETIC_DEMO
EC-2022Q1-009,2022,1,MGB-FAC-009,Synthetic Mineral Operation 09,R09,Zamboanga Peninsula,Copper concentrate,148281.2,18905.5,0,2324631.7,MGB Form 29-18 Quarterly Energy Consumption Report,DENR-MGB,SYNTHETIC_DEMO
EC-2022Q1-010,2022,1,MGB-FAC-010,Synthetic Mineral Operation 10,BARMM,Bangsamoro Autonomous Region in Muslim Mindanao,Limestone,34253.9,2056.7,2258.3,1523012.6,MGB Form 29-18 Quarterly Energy Consumption Report,DENR-MGB,SYNTHETIC_DEMO
EC-2022Q1-011,2022,1,MGB-FAC-011,Synthetic Mineral Operation 11,R03,Central Luzon,Silica,82196.4,21447.2,0,2507501.1,MGB Form 29-18 Quarterly Energy Consumption Report,DENR-MGB,SYNTHETIC_DEMO
EC-2022Q1-012,2022,1,MGB-FAC-012,Synthetic Mineral Operation 12,R07,Central Visayas,Chromite,69952.3,10313.4,0,2392309,MGB Form 29-18 Quarterly Energy Consumption Report,DENR-MGB,SYNTHETIC_DEMO
EC-2022Q1-013,2022,1,MGB-FAC-013,Synthetic Mineral Operation 13,R12,SOCCSKSARGEN,Aggregates,73687.7,18926.3,0,1939647.3,MGB Form 29-18 Quarterly Energy Consumption Report,DENR-MGB,SYNTHETIC_DEMO
EC-2022Q1-014,2022,1,MGB-FAC-014,Synthetic Mineral Operation 14,R01,Ilocos Region,Nickel ore,179176.2,22421.2,1422.8,766304.1,MGB Form 29-18 Quarterly Energy Consumption Report,DENR-MGB,SYNTHETIC_DEMO
EC-2022Q1-015,2022,1,MGB-FAC-015,Synthetic Mineral Operation 15,R05,Bicol Region,Gold ore,83981.9,16198.2,0,1118619,MGB Form 29-18 Quarterly Energy Consumption Report,DENR-MGB,SYNTHETIC_DEMO
EC-2022Q1-016,2022,1,MGB-FAC-016,Synthetic Mineral Operation 16,R10,Northern Mindanao,Copper concentrate,150985.5,6681.6,0,1766355.6,MGB Form 29-18 Quarterly Energy Consumption Report,DENR-MGB,SYNTHETIC_DEMO
EC-2022Q1-017,2022,1,MGB-FAC-017,Synthetic Mineral Operation 17,NCR,National Capital Region,Limestone,74029.9,22387.4,2358.9,271145.5,MGB Form 29-18 Quarterly Energy Consumption Report,DENR-MGB,SYNTHETIC_DEMO
EC-2022Q1-018,2022,1,MGB-FAC-018,Synthetic Mineral Operation 18,R04A,CALABARZON,Silica,74156,9989,0,1876923.2,MGB Form 29-18 Quarterly Energy Consumption Report,DENR-MGB,SYNTHETIC_DEMO
EC-2022Q1-019,2022,1,MGB-FAC-019,Synthetic Mineral Operation 19,R08,Eastern Visayas,Chromite,172421.5,10078.9,0,1537740,MGB Form 29-18 Quarterly Energy Consumption Report,DENR-MGB,SYNTHETIC_DEMO
EC-2022Q1-020,2022,1,MGB-FAC-020,Synthetic Mineral Operation 20,R13,Caraga,Aggregates,65181.8,22076.6,0,1216100.9,MGB Form 29-18 Quarterly Energy Consumption Report,DENR-MGB,SYNTHETIC_DEMO
EC-2022Q1-021,2022,1,MGB-FAC-021,Synthetic Mineral Operation 21,R02,Cagayan Valley,Nickel ore,179494.4,2340.5,779.5,1982419.4,MGB Form 29-18 Quarterly Energy Consumption Report,DENR-MGB,SYNTHETIC_DEMO
EC-2022Q1-022,2022,1,MGB-FAC-022,Synthetic Mineral Operation 22,R06,Western Visayas,Gold ore,104749,24098.1,0,1648521.6,MGB Form 29-18 Quarterly Energy Consumption Report,DENR-MGB,SYNTHETIC_DEMO
EC-2022Q1-023,2022,1,MGB-FAC-023,Synthetic Mineral Operation 23,R11,Davao Region,Copper concentrate,182612.4,24622.4,0,1667326.7,MGB Form 29-18 Quarterly Energy Consumption Report,DENR-MGB,SYNTHETIC_DEMO
EC-2022Q1-024,2022,1,MGB-FAC-024,Synthetic Mineral Operation 24,CAR,Cordillera Administrative Region,Limestone,13549,24563.2,395.9,2290180,MGB Form 29-18 Quarterly Energy Consumption Report,DENR-MGB,SYNTHETIC_DEMO
EC-2022Q1-025,2022,1,MGB-FAC-025,Synthetic Mineral Operation 25,MIMAROPA,MIMAROPA Region,Silica,53268.4,5661.5,0,571746.7,MGB Form 29-18 Quarterly Energy Consumption Report,DENR-MGB,SYNTHETIC_DEMO
EC-2022Q1-026,2022,1,MGB-FAC-026,Synthetic Mineral Operation 26,R09,Zamboanga Peninsula,Chromite,125359.4,2354,0,1423473,MGB Form 29-18 Quarterly Energy Consumption Report,DENR-MGB,SYNTHETIC_DEMO
EC-2022Q1-027,2022,1,MGB-FAC-027,Synthetic Mineral Operation 27,BARMM,Bangsamoro Autonomous Region in Muslim Mindanao,Aggregates,144533.1,23719.3,0,1643405.1,MGB Form 29-18 Quarterly Energy Consumption Report,DENR-MGB,SYNTHETIC_DEMO
EC-2022Q1-028,2022,1,MGB-FAC-028,Synthetic Mineral Operation 28,R03,Central Luzon,Nickel ore,3060.6,23422.3,652.3,1016984.4,MGB Form 29-18 Quarterly Energy Consumption Report,DENR-MGB,SYNTHETIC_DEMO
EC-2022Q1-029,2022,1,MGB-FAC-029,Synthetic Mineral Operation 29,R07,Central Visayas,Gold ore,39648.9,2189.5,0,1468740.2,MGB Form 29-18 Quarterly Energy Consumption Report,DENR-MGB,SYNTHETIC_DEMO
EC-2022Q1-030,2022,1,MGB-FAC-030,Synthetic Mineral Operation 30,R12,SOCCSKSARGEN,Copper concentrate,105652.4,11600.5,0,178341.8,MGB Form 29-18 Quarterly Energy Consumption Report,DENR-MGB,SYNTHETIC_DEMO
EC-2022Q1-031,2022,1,MGB-FAC-031,Synthetic Mineral Operation 31,R01,Ilocos Region,Limestone,78624.9,13342.8,1208.9,2586495.4,MGB Form 29-18 Quarterly Energy Consumption Report,DENR-MGB,SYNTHETIC_DEMO
EC-2022Q1-032,2022,1,MGB-FAC-032,Synthetic Mineral Operation 32,R05,Bicol Region,Silica,116424.7,23986.9,0,422043.6,MGB Form 29-18 Quarterly Energy Consumption Report,DENR-MGB,SYNTHETIC_DEMO
EC-2022Q1-033,2022,1,MGB-FAC-033,Synthetic Mineral Operation 33,R10,Northern Mindanao,Chromite,65091.8,20189.7,0,1444694.1,MGB Form 29-18 Quarterly Energy Consumption Report,DENR-MGB,SYNTHETIC_DEMO
EC-2022Q1-034,2022,1,MGB-FAC-034,Synthetic Mineral Operation 34,NCR,National Capital Region,Aggregates,124021,13284.9,0,1423093.5,MGB Form 29-18 Quarterly Energy Consumption Report,DENR-MGB,SYNTHETIC_DEMO
EC-2022Q1-035,2022,1,MGB-FAC-035,Synthetic Mineral Operation 35,R04A,CALABARZON,Nickel ore,176421.4,4072.5,1719.5,991466.5,MGB Form 29-18 Quarterly Energy Consumption Report,DENR-MGB,SYNTHETIC_DEMO
EC-2022Q1-036,2022,1,MGB-FAC-036,Synthetic Mineral Operation 36,R08,Eastern Visayas,Gold ore,23825.7,9683.4,0,2118267.7,MGB Form 29-18 Quarterly Energy Consumption Report,DENR-MGB,SYNTHETIC_DEMO
EC-2022Q2-001,2022,2,MGB-FAC-001,Synthetic Mineral Operation 01,R04A,CALABARZON,Gold ore,176001.8,22702.7,0,2542199.3,MGB Form 29-18 Quarterly Energy Consumption Report,DENR-MGB,SYNTHETIC_DEMO
EC-2022Q2-002,2022,2,MGB-FAC-002,Synthetic Mineral Operation 02,R08,Eastern Visayas,Copper concentrate,8966.7,21621.4,0,1224038.9,MGB Form 29-18 Quarterly Energy Consumption Report,DENR-MGB,SYNTHETIC_DEMO
EC-2022Q2-003,2022,2,MGB-FAC-003,Synthetic Mineral Operation 03,R13,Caraga,Limestone,96891.2,3904.2,2130.7,1603059.5,MGB Form 29-18 Quarterly Energy Consumption Report,DENR-MGB,SYNTHETIC_DEMO
EC-2022Q2-004,2022,2,MGB-FAC-004,Synthetic Mineral Operation 04,R02,Cagayan Valley,Silica,144038.9,17174.2,0,2114562.7,MGB Form 29-18 Quarterly Energy Consumption Report,DENR-MGB,SYNTHETIC_DEMO
EC-2022Q2-005,2022,2,MGB-FAC-005,Synthetic Mineral Operation 05,R06,Western Visayas,Chromite,89061.8,4754.2,0,1828356.4,MGB Form 29-18 Quarterly Energy Consumption Report,DENR-MGB,SYNTHETIC_DEMO
EC-2022Q2-006,2022,2,MGB-FAC-006,Synthetic Mineral Operation 06,R11,Davao Region,Aggregates,94568.2,4512.4,0,1655502.3,MGB Form 29-18 Quarterly Energy Consumption Report,DENR-MGB,SYNTHETIC_DEMO
EC-2022Q2-007,2022,2,MGB-FAC-007,Synthetic Mineral Operation 07,CAR,Cordillera Administrative Region,Nickel ore,20742.6,5251.3,1223,858530.5,MGB Form 29-18 Quarterly Energy Consumption Report,DENR-MGB,SYNTHETIC_DEMO
EC-2022Q2-008,2022,2,MGB-FAC-008,Synthetic Mineral Operation 08,MIMAROPA,MIMAROPA Region,Gold ore,113823.5,9997.9,0,1859091.3,MGB Form 29-18 Quarterly Energy Consumption Report,DENR-MGB,SYNTHETIC_DEMO
EC-2022Q2-009,2022,2,MGB-FAC-009,Synthetic Mineral Operation 09,R09,Zamboanga Peninsula,Copper concentrate,130200.1,18042.6,0,1551353.9,MGB Form 29-18 Quarterly Energy Consumption Report,DENR-MGB,SYNTHETIC_DEMO
EC-2022Q2-010,2022,2,MGB-FAC-010,Synthetic Mineral Operation 10,BARMM,Bangsamoro Autonomous Region in Muslim Mindanao,Limestone,173120.3,13114.4,1337.9,1427445.6,MGB Form 29-18 Quarterly Energy Consumption Report,DENR-MGB,SYNTHETIC_DEMO
EC-2022Q2-011,2022,2,MGB-FAC-011,Synthetic Mineral Operation 11,R03,Central Luzon,Silica,58195.8,17266.6,0,2256132.9,MGB Form 29-18 Quarterly Energy Consumption Report,DENR-MGB,SYNTHETIC_DEMO
EC-2022Q2-012,2022,2,MGB-FAC-012,Synthetic Mineral Operation 12,R07,Central Visayas,Chromite,52841.7,18368,0,2594900.8,MGB Form 29-18 Quarterly Energy Consumption Report,DENR-MGB,SYNTHETIC_DEMO
EC-2022Q2-013,2022,2,MGB-FAC-013,Synthetic Mineral Operation 13,R12,SOCCSKSARGEN,Aggregates,24520.8,14501,0,1014112,MGB Form 29-18 Quarterly Energy Consumption Report,DENR-MGB,SYNTHETIC_DEMO
EC-2022Q2-014,2022,2,MGB-FAC-014,Synthetic Mineral Operation 14,R01,Ilocos Region,Nickel ore,58349.4,3001.9,1584.3,1788242.8,MGB Form 29-18 Quarterly Energy Consumption Report,DENR-MGB,SYNTHETIC_DEMO
EC-2022Q2-015,2022,2,MGB-FAC-015,Synthetic Mineral Operation 15,R05,Bicol Region,Gold ore,117851.4,13782.4,0,2382770.1,MGB Form 29-18 Quarterly Energy Consumption Report,DENR-MGB,SYNTHETIC_DEMO
EC-2022Q2-016,2022,2,MGB-FAC-016,Synthetic Mineral Operation 16,R10,Northern Mindanao,Copper concentrate,112260.3,12865.3,0,1474321.7,MGB Form 29-18 Quarterly Energy Consumption Report,DENR-MGB,SYNTHETIC_DEMO
EC-2022Q2-017,2022,2,MGB-FAC-017,Synthetic Mineral Operation 17,NCR,National Capital Region,Limestone,111194.5,3634.9,1147.3,2020872.4,MGB Form 29-18 Quarterly Energy Consumption Report,DENR-MGB,SYNTHETIC_DEMO
EC-2022Q2-018,2022,2,MGB-FAC-018,Synthetic Mineral Operation 18,R04A,CALABARZON,Silica,65424.1,23544.3,0,2521351.8,MGB Form 29-18 Quarterly Energy Consumption Report,DENR-MGB,SYNTHETIC_DEMO
EC-2022Q2-019,2022,2,MGB-FAC-019,Synthetic Mineral Operation 19,R08,Eastern Visayas,Chromite,57504.2,18005,0,1870527.2,MGB Form 29-18 Quarterly Energy Consumption Report,DENR-MGB,SYNTHETIC_DEMO
EC-2022Q2-020,2022,2,MGB-FAC-020,Synthetic Mineral Operation 20,R13,Caraga,Aggregates,83749,12344.3,0,356963.5,MGB Form 29-18 Quarterly Energy Consumption Report,DENR-MGB,SYNTHETIC_DEMO
EC-2022Q2-021,2022,2,MGB-FAC-021,Synthetic Mineral Operation 21,R02,Cagayan Valley,Nickel ore,128021.8,17988.8,1244.5,427955.1,MGB Form 29-18 Quarterly Energy Consumption Report,DENR-MGB,SYNTHETIC_DEMO
EC-2022Q2-022,2022,2,MGB-FAC-022,Synthetic Mineral Operation 22,R06,Western Visayas,Gold ore,59203.8,20194.3,0,335234.5,MGB Form 29-18 Quarterly Energy Consumption Report,DENR-MGB,SYNTHETIC_DEMO
EC-2022Q2-023,2022,2,MGB-FAC-023,Synthetic Mineral Operation 23,R11,Davao Region,Copper concentrate,82177.2,22694.7,0,367811.9,MGB Form 29-18 Quarterly Energy Consumption Report,DENR-MGB,SYNTHETIC_DEMO
EC-2022Q2-024,2022,2,MGB-FAC-024,Synthetic Mineral Operation 24,CAR,Cordillera Administrative Region,Limestone,37231.8,4466.5,297.5,2025341.3,MGB Form 29-18 Quarterly Energy Consumption Report,DENR-MGB,SYNTHETIC_DEMO
EC-2022Q2-025,2022,2,MGB-FAC-025,Synthetic Mineral Operation 25,MIMAROPA,MIMAROPA Region,Silica,104490.4,6667.2,0,2100791,MGB Form 29-18 Quarterly Energy Consumption Report,DENR-MGB,SYNTHETIC_DEMO
EC-2022Q2-026,2022,2,MGB-FAC-026,Synthetic Mineral Operation 26,R09,Zamboanga Peninsula,Chromite,82833.1,21958.5,0,1657860.1,MGB Form 29-18 Quarterly Energy Consumption Report,DENR-MGB,SYNTHETIC_DEMO
EC-2022Q2-027,2022,2,MGB-FAC-027,Synthetic Mineral Operation 27,BARMM,Bangsamoro Autonomous Region in Muslim Mindanao,Aggregates,45961.5,22118.2,0,1465456.9,MGB Form 29-18 Quarterly Energy Consumption Report,DENR-MGB,SYNTHETIC_DEMO
EC-2022Q2-028,2022,2,MGB-FAC-028,Synthetic Mineral Operation 28,R03,Central Luzon,Nickel ore,132921.1,13656.9,1274,891485,MGB Form 29-18 Quarterly Energy Consumption Report,DENR-MGB,SYNTHETIC_DEMO
EC-2022Q2-029,2022,2,MGB-FAC-029,Synthetic Mineral Operation 29,R07,Central Visayas,Gold ore,132234.3,9031.5,0,1207470,MGB Form 29-18 Quarterly Energy Consumption Report,DENR-MGB,SYNTHETIC_DEMO
EC-2022Q2-030,2022,2,MGB-FAC-030,Synthetic Mineral Operation 30,R12,SOCCSKSARGEN,Copper concentrate,113440.7,18885.4,0,2500718.3,MGB Form 29-18 Quarterly Energy Consumption Report,DENR-MGB,SYNTHETIC_DEMO
EC-2022Q2-031,2022,2,MGB-FAC-031,Synthetic Mineral Operation 31,R01,Ilocos Region,Limestone,119952.7,504.4,1890.9,1164318.5,MGB Form 29-18 Quarterly Energy Consumption Report,DENR-MGB,SYNTHETIC_DEMO
EC-2022Q2-032,2022,2,MGB-FAC-032,Synthetic Mineral Operation 32,R05,Bicol Region,Silica,30920.2,6678.3,0,2580020.9,MGB Form 29-18 Quarterly Energy Consumption Report,DENR-MGB,SYNTHETIC_DEMO
EC-2022Q2-033,2022,2,MGB-FAC-033,Synthetic Mineral Operation 33,R10,Northern Mindanao,Chromite,148864.5,17107.8,0,514340.2,MGB Form 29-18 Quarterly Energy Consumption Report,DENR-MGB,SYNTHETIC_DEMO
EC-2022Q2-034,2022,2,MGB-FAC-034,Synthetic Mineral Operation 34,NCR,National Capital Region,Aggregates,111066,11925,0,643812.3,MGB Form 29-18 Quarterly Energy Consumption Report,DENR-MGB,SYNTHETIC_DEMO
EC-2022Q2-035,2022,2,MGB-FAC-035,Synthetic Mineral Operation 35,R04A,CALABARZON,Nickel ore,116930,13588.1,283.2,2260196.2,MGB Form 29-18 Quarterly Energy Consumption Report,DENR-MGB,SYNTHETIC_DEMO
EC-2022Q2-036,2022,2,MGB-FAC-036,Synthetic Mineral Operation 36,R08,Eastern Visayas,Gold ore,133349.4,6063.4,0,2558614.7,MGB Form 29-18 Quarterly Energy Consumption Report,DENR-MGB,SYNTHETIC_DEMO
EC-2022Q3-001,2022,3,MGB-FAC-001,Synthetic Mineral Operation 01,R04A,CALABARZON,Gold ore,47014.6,11783.2,0,338330.1,MGB Form 29-18 Quarterly Energy Consumption Report,DENR-MGB,SYNTHETIC_DEMO
EC-2022Q3-002,2022,3,MGB-FAC-002,Synthetic Mineral Operation 02,R08,Eastern Visayas,Copper concentrate,147956.3,11504,0,1140092.7,MGB Form 29-18 Quarterly Energy Consumption Report,DENR-MGB,SYNTHETIC_DEMO
EC-2022Q3-003,2022,3,MGB-FAC-003,Synthetic Mineral Operation 03,R13,Caraga,Limestone,105893.2,23809.1,2473.5,777095.9,MGB Form 29-18 Quarterly Energy Consumption Report,DENR-MGB,SYNTHETIC_DEMO
EC-2022Q3-004,2022,3,MGB-FAC-004,Synthetic Mineral Operation 04,R02,Cagayan Valley,Silica,181799.1,1413.3,0,2080968.1,MGB Form 29-18 Quarterly Energy Consumption Report,DENR-MGB,SYNTHETIC_DEMO
EC-2022Q3-005,2022,3,MGB-FAC-005,Synthetic Mineral Operation 05,R06,Western Visayas,Chromite,60881.2,15626.9,0,2465559.1,MGB Form 29-18 Quarterly Energy Consumption Report,DENR-MGB,SYNTHETIC_DEMO
EC-2022Q3-006,2022,3,MGB-FAC-006,Synthetic Mineral Operation 06,R11,Davao Region,Aggregates,59948.5,16541,0,1169330.5,MGB Form 29-18 Quarterly Energy Consumption Report,DENR-MGB,SYNTHETIC_DEMO
EC-2022Q3-007,2022,3,MGB-FAC-007,Synthetic Mineral Operation 07,CAR,Cordillera Administrative Region,Nickel ore,66394.3,18720.9,1878.5,1225678.7,MGB Form 29-18 Quarterly Energy Consumption Report,DENR-MGB,SYNTHETIC_DEMO
EC-2022Q3-008,2022,3,MGB-FAC-008,Synthetic Mineral Operation 08,MIMAROPA,MIMAROPA Region,Gold ore,148190.2,15441.2,0,1609987.9,MGB Form 29-18 Quarterly Energy Consumption Report,DENR-MGB,SYNTHETIC_DEMO
EC-2022Q3-009,2022,3,MGB-FAC-009,Synthetic Mineral Operation 09,R09,Zamboanga Peninsula,Copper concentrate,52977.9,19196.1,0,1838640.8,MGB Form 29-18 Quarterly Energy Consumption Report,DENR-MGB,SYNTHETIC_DEMO
EC-2022Q3-010,2022,3,MGB-FAC-010,Synthetic Mineral Operation 10,BARMM,Bangsamoro Autonomous Region in Muslim Mindanao,Limestone,92077.9,12056.1,1822.6,828525,MGB Form 29-18 Quarterly Energy Consumption Report,DENR-MGB,SYNTHETIC_DEMO
EC-2022Q3-011,2022,3,MGB-FAC-011,Synthetic Mineral Operation 11,R03,Central Luzon,Silica,172780.1,14697.6,0,2014762.4,MGB Form 29-18 Quarterly Energy Consumption Report,DENR-MGB,SYNTHETIC_DEMO
EC-2022Q3-012,2022,3,MGB-FAC-012,Synthetic Mineral Operation 12,R07,Central Visayas,Chromite,54190,23756.1,0,1929737.7,MGB Form 29-18 Quarterly Energy Consumption Report,DENR-MGB,SYNTHETIC_DEMO
EC-2022Q3-013,2022,3,MGB-FAC-013,Synthetic Mineral Operation 13,R12,SOCCSKSARGEN,Aggregates,107340.3,21785.2,0,185767.6,MGB Form 29-18 Quarterly Energy Consumption Report,DENR-MGB,SYNTHETIC_DEMO
EC-2022Q3-014,2022,3,MGB-FAC-014,Synthetic Mineral Operation 14,R01,Ilocos Region,Nickel ore,139398.1,21466.4,1230.5,883176.7,MGB Form 29-18 Quarterly Energy Consumption Report,DENR-MGB,SYNTHETIC_DEMO
EC-2022Q3-015,2022,3,MGB-FAC-015,Synthetic Mineral Operation 15,R05,Bicol Region,Gold ore,121776.2,18012.2,0,1047826.3,MGB Form 29-18 Quarterly Energy Consumption Report,DENR-MGB,SYNTHETIC_DEMO
EC-2022Q3-016,2022,3,MGB-FAC-016,Synthetic Mineral Operation 16,R10,Northern Mindanao,Copper concentrate,71742.7,9059.9,0,2069195.5,MGB Form 29-18 Quarterly Energy Consumption Report,DENR-MGB,SYNTHETIC_DEMO
EC-2022Q3-017,2022,3,MGB-FAC-017,Synthetic Mineral Operation 17,NCR,National Capital Region,Limestone,13472.5,24904.9,332.8,1429306.4,MGB Form 29-18 Quarterly Energy Consumption Report,DENR-MGB,SYNTHETIC_DEMO
EC-2022Q3-018,2022,3,MGB-FAC-018,Synthetic Mineral Operation 18,R04A,CALABARZON,Silica,82874.6,12301.6,0,79334.7,MGB Form 29-18 Quarterly Energy Consumption Report,DENR-MGB,SYNTHETIC_DEMO
EC-2022Q3-019,2022,3,MGB-FAC-019,Synthetic Mineral Operation 19,R08,Eastern Visayas,Chromite,99938.6,6995.3,0,1887712.4,MGB Form 29-18 Quarterly Energy Consumption Report,DENR-MGB,SYNTHETIC_DEMO
EC-2022Q3-020,2022,3,MGB-FAC-020,Synthetic Mineral Operation 20,R13,Caraga,Aggregates,136312.6,18824.8,0,1268147.3,MGB Form 29-18 Quarterly Energy Consumption Report,DENR-MGB,SYNTHETIC_DEMO
EC-2022Q3-021,2022,3,MGB-FAC-021,Synthetic Mineral Operation 21,R02,Cagayan Valley,Nickel ore,93168.6,4652,1400.9,628131.9,MGB Form 29-18 Quarterly Energy Consumption Report,DENR-MGB,SYNTHETIC_DEMO
EC-2022Q3-022,2022,3,MGB-FAC-022,Synthetic Mineral Operation 22,R06,Western Visayas,Gold ore,23721,12973.6,0,1987820.9,MGB Form 29-18 Quarterly Energy Consumption Report,DENR-MGB,SYNTHETIC_DEMO
EC-2022Q3-023,2022,3,MGB-FAC-023,Synthetic Mineral Operation 23,R11,Davao Region,Copper concentrate,117420.8,24941.6,0,2356031.7,MGB Form 29-18 Quarterly Energy Consumption Report,DENR-MGB,SYNTHETIC_DEMO
EC-2022Q3-024,2022,3,MGB-FAC-024,Synthetic Mineral Operation 24,CAR,Cordillera Administrative Region,Limestone,68084,7808,2193.7,1024584.4,MGB Form 29-18 Quarterly Energy Consumption Report,DENR-MGB,SYNTHETIC_DEMO
EC-2022Q3-025,2022,3,MGB-FAC-025,Synthetic Mineral Operation 25,MIMAROPA,MIMAROPA Region,Silica,81285.9,10638.4,0,2453706.1,MGB Form 29-18 Quarterly Energy Consumption Report,DENR-MGB,SYNTHETIC_DEMO
EC-2022Q3-026,2022,3,MGB-FAC-026,Synthetic Mineral Operation 26,R09,Zamboanga Peninsula,Chromite,67571.7,17902,0,1424197.2,MGB Form 29-18 Quarterly Energy Consumption Report,DENR-MGB,SYNTHETIC_DEMO
EC-2022Q3-027,2022,3,MGB-FAC-027,Synthetic Mineral Operation 27,BARMM,Bangsamoro Autonomous Region in Muslim Mindanao,Aggregates,121875.5,19267.1,0,1548902,MGB Form 29-18 Quarterly Energy Consumption Report,DENR-MGB,SYNTHETIC_DEMO
EC-2022Q3-028,2022,3,MGB-FAC-028,Synthetic Mineral Operation 28,R03,Central Luzon,Nickel ore,102919.7,21667.2,1279.8,455385.2,MGB Form 29-18 Quarterly Energy Consumption Report,DENR-MGB,SYNTHETIC_DEMO
EC-2022Q3-029,2022,3,MGB-FAC-029,Synthetic Mineral Operation 29,R07,Central Visayas,Gold ore,93571.4,8308,0,809172.8,MGB Form 29-18 Quarterly Energy Consumption Report,DENR-MGB,SYNTHETIC_DEMO
EC-2022Q3-030,2022,3,MGB-FAC-030,Synthetic Mineral Operation 30,R12,SOCCSKSARGEN,Copper concentrate,139880,7736.9,0,638772.8,MGB Form 29-18 Quarterly Energy Consumption Report,DENR-MGB,SYNTHETIC_DEMO
EC-2022Q3-031,2022,3,MGB-FAC-031,Synthetic Mineral Operation 31,R01,Ilocos Region,Limestone,101878.7,7933.8,728.7,724518.2,MGB Form 29-18 Quarterly Energy Consumption Report,DENR-MGB,SYNTHETIC_DEMO
EC-2022Q3-032,2022,3,MGB-FAC-032,Synthetic Mineral Operation 32,R05,Bicol Region,Silica,179268.7,13504.9,0,894487.4,MGB Form 29-18 Quarterly Energy Consumption Report,DENR-MGB,SYNTHETIC_DEMO
EC-2022Q3-033,2022,3,MGB-FAC-033,Synthetic Mineral Operation 33,R10,Northern Mindanao,Chromite,16298.5,22290.5,0,226480.9,MGB Form 29-18 Quarterly Energy Consumption Report,DENR-MGB,SYNTHETIC_DEMO
EC-2022Q3-034,2022,3,MGB-FAC-034,Synthetic Mineral Operation 34,NCR,National Capital Region,Aggregates,28975.9,1161.7,0,124385.7,MGB Form 29-18 Quarterly Energy Consumption Report,DENR-MGB,SYNTHETIC_DEMO
EC-2022Q3-035,2022,3,MGB-FAC-035,Synthetic Mineral Operation 35,R04A,CALABARZON,Nickel ore,87174.1,4253.6,198,423763.9,MGB Form 29-18 Quarterly Energy Consumption Report,DENR-MGB,SYNTHETIC_DEMO
EC-2022Q3-036,2022,3,MGB-FAC-036,Synthetic Mineral Operation 36,R08,Eastern Visayas,Gold ore,109441.9,14890.7,0,1604378,MGB Form 29-18 Quarterly Energy Consumption Report,DENR-MGB,SYNTHETIC_DEMO
EC-2022Q4-001,2022,4,MGB-FAC-001,Synthetic Mineral Operation 01,R04A,CALABARZON,Gold ore,149756.4,14920.7,0,1779208.7,MGB Form 29-18 Quarterly Energy Consumption Report,DENR-MGB,SYNTHETIC_DEMO
EC-2022Q4-002,2022,4,MGB-FAC-002,Synthetic Mineral Operation 02,R08,Eastern Visayas,Copper concentrate,22396.6,10482,0,884594.6,MGB Form 29-18 Quarterly Energy Consumption Report,DENR-MGB,SYNTHETIC_DEMO
EC-2022Q4-003,2022,4,MGB-FAC-003,Synthetic Mineral Operation 03,R13,Caraga,Limestone,145735.6,23895.1,2151.6,2420970.2,MGB Form 29-18 Quarterly Energy Consumption Report,DENR-MGB,SYNTHETIC_DEMO
EC-2022Q4-004,2022,4,MGB-FAC-004,Synthetic Mineral Operation 04,R02,Cagayan Valley,Silica,97989.4,2092.9,0,2264330.4,MGB Form 29-18 Quarterly Energy Consumption Report,DENR-MGB,SYNTHETIC_DEMO
EC-2022Q4-005,2022,4,MGB-FAC-005,Synthetic Mineral Operation 05,R06,Western Visayas,Chromite,20151.6,14997.5,0,94812.3,MGB Form 29-18 Quarterly Energy Consumption Report,DENR-MGB,SYNTHETIC_DEMO
EC-2022Q4-006,2022,4,MGB-FAC-006,Synthetic Mineral Operation 06,R11,Davao Region,Aggregates,150159.2,11142.1,0,2015851.7,MGB Form 29-18 Quarterly Energy Consumption Report,DENR-MGB,SYNTHETIC_DEMO
EC-2022Q4-007,2022,4,MGB-FAC-007,Synthetic Mineral Operation 07,CAR,Cordillera Administrative Region,Nickel ore,166558.5,21530.2,1960.3,2087361.6,MGB Form 29-18 Quarterly Energy Consumption Report,DENR-MGB,SYNTHETIC_DEMO
EC-2022Q4-008,2022,4,MGB-FAC-008,Synthetic Mineral Operation 08,MIMAROPA,MIMAROPA Region,Gold ore,83481.1,6402.4,0,2488528.9,MGB Form 29-18 Quarterly Energy Consumption Report,DENR-MGB,SYNTHETIC_DEMO
EC-2022Q4-009,2022,4,MGB-FAC-009,Synthetic Mineral Operation 09,R09,Zamboanga Peninsula,Copper concentrate,71097.1,14858.5,0,480012.1,MGB Form 29-18 Quarterly Energy Consumption Report,DENR-MGB,SYNTHETIC_DEMO
EC-2022Q4-010,2022,4,MGB-FAC-010,Synthetic Mineral Operation 10,BARMM,Bangsamoro Autonomous Region in Muslim Mindanao,Limestone,99212.9,2629,1575.9,2324959.9,MGB Form 29-18 Quarterly Energy Consumption Report,DENR-MGB,SYNTHETIC_DEMO
EC-2022Q4-011,2022,4,MGB-FAC-011,Synthetic Mineral Operation 11,R03,Central Luzon,Silica,141501.5,18047.5,0,1135660.3,MGB Form 29-18 Quarterly Energy Consumption Report,DENR-MGB,SYNTHETIC_DEMO
EC-2022Q4-012,2022,4,MGB-FAC-012,Synthetic Mineral Operation 12,R07,Central Visayas,Chromite,16407.1,7495.2,0,1112050.9,MGB Form 29-18 Quarterly Energy Consumption Report,DENR-MGB,SYNTHETIC_DEMO
EC-2022Q4-013,2022,4,MGB-FAC-013,Synthetic Mineral Operation 13,R12,SOCCSKSARGEN,Aggregates,144950,14997.3,0,163500.9,MGB Form 29-18 Quarterly Energy Consumption Report,DENR-MGB,SYNTHETIC_DEMO
EC-2022Q4-014,2022,4,MGB-FAC-014,Synthetic Mineral Operation 14,R01,Ilocos Region,Nickel ore,146521.4,9937.7,2175.3,1012230,MGB Form 29-18 Quarterly Energy Consumption Report,DENR-MGB,SYNTHETIC_DEMO
EC-2022Q4-015,2022,4,MGB-FAC-015,Synthetic Mineral Operation 15,R05,Bicol Region,Gold ore,46723.5,22340.4,0,2509375.8,MGB Form 29-18 Quarterly Energy Consumption Report,DENR-MGB,SYNTHETIC_DEMO
EC-2022Q4-016,2022,4,MGB-FAC-016,Synthetic Mineral Operation 16,R10,Northern Mindanao,Copper concentrate,17340.7,12535.6,0,1869590.4,MGB Form 29-18 Quarterly Energy Consumption Report,DENR-MGB,SYNTHETIC_DEMO
EC-2022Q4-017,2022,4,MGB-FAC-017,Synthetic Mineral Operation 17,NCR,National Capital Region,Limestone,82977.6,7163,517.6,1534662,MGB Form 29-18 Quarterly Energy Consumption Report,DENR-MGB,SYNTHETIC_DEMO
EC-2022Q4-018,2022,4,MGB-FAC-018,Synthetic Mineral Operation 18,R04A,CALABARZON,Silica,83594.5,9665.4,0,92535.3,MGB Form 29-18 Quarterly Energy Consumption Report,DENR-MGB,SYNTHETIC_DEMO
EC-2022Q4-019,2022,4,MGB-FAC-019,Synthetic Mineral Operation 19,R08,Eastern Visayas,Chromite,125562.8,21098.8,0,2043419.8,MGB Form 29-18 Quarterly Energy Consumption Report,DENR-MGB,SYNTHETIC_DEMO
EC-2022Q4-020,2022,4,MGB-FAC-020,Synthetic Mineral Operation 20,R13,Caraga,Aggregates,58097.7,1820.4,0,2513099.8,MGB Form 29-18 Quarterly Energy Consumption Report,DENR-MGB,SYNTHETIC_DEMO
EC-2022Q4-021,2022,4,MGB-FAC-021,Synthetic Mineral Operation 21,R02,Cagayan Valley,Nickel ore,74447.4,10628.2,845.9,1814209.8,MGB Form 29-18 Quarterly Energy Consumption Report,DENR-MGB,SYNTHETIC_DEMO
EC-2022Q4-022,2022,4,MGB-FAC-022,Synthetic Mineral Operation 22,R06,Western Visayas,Gold ore,143817.6,24984.1,0,1752073.5,MGB Form 29-18 Quarterly Energy Consumption Report,DENR-MGB,SYNTHETIC_DEMO
EC-2022Q4-023,2022,4,MGB-FAC-023,Synthetic Mineral Operation 23,R11,Davao Region,Copper concentrate,154112.1,12711.6,0,1736829.2,MGB Form 29-18 Quarterly Energy Consumption Report,DENR-MGB,SYNTHETIC_DEMO
EC-2022Q4-024,2022,4,MGB-FAC-024,Synthetic Mineral Operation 24,CAR,Cordillera Administrative Region,Limestone,5292.4,15596.3,1147.1,791494,MGB Form 29-18 Quarterly Energy Consumption Report,DENR-MGB,SYNTHETIC_DEMO
EC-2022Q4-025,2022,4,MGB-FAC-025,Synthetic Mineral Operation 25,MIMAROPA,MIMAROPA Region,Silica,169505.7,20910.6,0,2270745.6,MGB Form 29-18 Quarterly Energy Consumption Report,DENR-MGB,SYNTHETIC_DEMO
EC-2022Q4-026,2022,4,MGB-FAC-026,Synthetic Mineral Operation 26,R09,Zamboanga Peninsula,Chromite,11917.7,14812.8,0,1713289.2,MGB Form 29-18 Quarterly Energy Consumption Report,DENR-MGB,SYNTHETIC_DEMO
EC-2022Q4-027,2022,4,MGB-FAC-027,Synthetic Mineral Operation 27,BARMM,Bangsamoro Autonomous Region in Muslim Mindanao,Aggregates,128879.3,19603.8,0,1296484.6,MGB Form 29-18 Quarterly Energy Consumption Report,DENR-MGB,SYNTHETIC_DEMO
EC-2022Q4-028,2022,4,MGB-FAC-028,Synthetic Mineral Operation 28,R03,Central Luzon,Nickel ore,73278.5,18785.5,929.7,1491376.9,MGB Form 29-18 Quarterly Energy Consumption Report,DENR-MGB,SYNTHETIC_DEMO
EC-2022Q4-029,2022,4,MGB-FAC-029,Synthetic Mineral Operation 29,R07,Central Visayas,Gold ore,79145.7,15868.4,0,2414138.5,MGB Form 29-18 Quarterly Energy Consumption Report,DENR-MGB,SYNTHETIC_DEMO
EC-2022Q4-030,2022,4,MGB-FAC-030,Synthetic Mineral Operation 30,R12,SOCCSKSARGEN,Copper concentrate,75754.3,11585.5,0,1333990.7,MGB Form 29-18 Quarterly Energy Consumption Report,DENR-MGB,SYNTHETIC_DEMO
EC-2022Q4-031,2022,4,MGB-FAC-031,Synthetic Mineral Operation 31,R01,Ilocos Region,Limestone,70692.8,11592.8,1104,1799736.6,MGB Form 29-18 Quarterly Energy Consumption Report,DENR-MGB,SYNTHETIC_DEMO
EC-2022Q4-032,2022,4,MGB-FAC-032,Synthetic Mineral Operation 32,R05,Bicol Region,Silica,19508.4,3942.8,0,1317481.6,MGB Form 29-18 Quarterly Energy Consumption Report,DENR-MGB,SYNTHETIC_DEMO
EC-2022Q4-033,2022,4,MGB-FAC-033,Synthetic Mineral Operation 33,R10,Northern Mindanao,Chromite,11434.9,15494.5,0,1304532.9,MGB Form 29-18 Quarterly Energy Consumption Report,DENR-MGB,SYNTHETIC_DEMO
EC-2022Q4-034,2022,4,MGB-FAC-034,Synthetic Mineral Operation 34,NCR,National Capital Region,Aggregates,138620.1,9632.2,0,1590777.4,MGB Form 29-18 Quarterly Energy Consumption Report,DENR-MGB,SYNTHETIC_DEMO
EC-2022Q4-035,2022,4,MGB-FAC-035,Synthetic Mineral Operation 35,R04A,CALABARZON,Nickel ore,44047.9,16913.6,1847.7,2562238.6,MGB Form 29-18 Quarterly Energy Consumption Report,DENR-MGB,SYNTHETIC_DEMO
EC-2022Q4-036,2022,4,MGB-FAC-036,Synthetic Mineral Operation 36,R08,Eastern Visayas,Gold ore,89571,23066.1,0,953200,MGB Form 29-18 Quarterly Energy Consumption Report,DENR-MGB,SYNTHETIC_DEMO
EC-2023Q1-001,2023,1,MGB-FAC-001,Synthetic Mineral Operation 01,R04A,CALABARZON,Gold ore,187143.3,13064.7,0,741444.6,MGB Form 29-18 Quarterly Energy Consumption Report,DENR-MGB,SYNTHETIC_DEMO
EC-2023Q1-002,2023,1,MGB-FAC-002,Synthetic Mineral Operation 02,R08,Eastern Visayas,Copper concentrate,176167,12286.2,0,1973310,MGB Form 29-18 Quarterly Energy Consumption Report,DENR-MGB,SYNTHETIC_DEMO
EC-2023Q1-003,2023,1,MGB-FAC-003,Synthetic Mineral Operation 03,R13,Caraga,Limestone,108449.1,10012.4,372.3,1258285.9,MGB Form 29-18 Quarterly Energy Consumption Report,DENR-MGB,SYNTHETIC_DEMO
EC-2023Q1-004,2023,1,MGB-FAC-004,Synthetic Mineral Operation 04,R02,Cagayan Valley,Silica,155264.4,16181.5,0,697816.1,MGB Form 29-18 Quarterly Energy Consumption Report,DENR-MGB,SYNTHETIC_DEMO
EC-2023Q1-005,2023,1,MGB-FAC-005,Synthetic Mineral Operation 05,R06,Western Visayas,Chromite,163932.9,699.9,0,2144441.4,MGB Form 29-18 Quarterly Energy Consumption Report,DENR-MGB,SYNTHETIC_DEMO
EC-2023Q1-006,2023,1,MGB-FAC-006,Synthetic Mineral Operation 06,R11,Davao Region,Aggregates,129685.8,24846.6,0,401332.8,MGB Form 29-18 Quarterly Energy Consumption Report,DENR-MGB,SYNTHETIC_DEMO
EC-2023Q1-007,2023,1,MGB-FAC-007,Synthetic Mineral Operation 07,CAR,Cordillera Administrative Region,Nickel ore,130053.5,5832.8,1283.6,1072601,MGB Form 29-18 Quarterly Energy Consumption Report,DENR-MGB,SYNTHETIC_DEMO
EC-2023Q1-008,2023,1,MGB-FAC-008,Synthetic Mineral Operation 08,MIMAROPA,MIMAROPA Region,Gold ore,106686,2539.2,0,1852065.4,MGB Form 29-18 Quarterly Energy Consumption Report,DENR-MGB,SYNTHETIC_DEMO
EC-2023Q1-009,2023,1,MGB-FAC-009,Synthetic Mineral Operation 09,R09,Zamboanga Peninsula,Copper concentrate,118582.6,17039.8,0,2226306.3,MGB Form 29-18 Quarterly Energy Consumption Report,DENR-MGB,SYNTHETIC_DEMO
EC-2023Q1-010,2023,1,MGB-FAC-010,Synthetic Mineral Operation 10,BARMM,Bangsamoro Autonomous Region in Muslim Mindanao,Limestone,159984.8,7409.1,1360.6,1956508.5,MGB Form 29-18 Quarterly Energy Consumption Report,DENR-MGB,SYNTHETIC_DEMO
EC-2023Q1-011,2023,1,MGB-FAC-011,Synthetic Mineral Operation 11,R03,Central Luzon,Silica,95644.2,13673.6,0,2252873.4,MGB Form 29-18 Quarterly Energy Consumption Report,DENR-MGB,SYNTHETIC_DEMO
EC-2023Q1-012,2023,1,MGB-FAC-012,Synthetic Mineral Operation 12,R07,Central Visayas,Chromite,118112.9,23308.5,0,47452.4,MGB Form 29-18 Quarterly Energy Consumption Report,DENR-MGB,SYNTHETIC_DEMO
EC-2023Q1-013,2023,1,MGB-FAC-013,Synthetic Mineral Operation 13,R12,SOCCSKSARGEN,Aggregates,184410.5,16025.8,0,682129.1,MGB Form 29-18 Quarterly Energy Consumption Report,DENR-MGB,SYNTHETIC_DEMO
EC-2023Q1-014,2023,1,MGB-FAC-014,Synthetic Mineral Operation 14,R01,Ilocos Region,Nickel ore,175476.6,9247.4,1177,1555148,MGB Form 29-18 Quarterly Energy Consumption Report,DENR-MGB,SYNTHETIC_DEMO
EC-2023Q1-015,2023,1,MGB-FAC-015,Synthetic Mineral Operation 15,R05,Bicol Region,Gold ore,53576.8,12965.5,0,536022,MGB Form 29-18 Quarterly Energy Consumption Report,DENR-MGB,SYNTHETIC_DEMO
EC-2023Q1-016,2023,1,MGB-FAC-016,Synthetic Mineral Operation 16,R10,Northern Mindanao,Copper concentrate,55985.4,24234.2,0,2478190.1,MGB Form 29-18 Quarterly Energy Consumption Report,DENR-MGB,SYNTHETIC_DEMO
EC-2023Q1-017,2023,1,MGB-FAC-017,Synthetic Mineral Operation 17,NCR,National Capital Region,Limestone,130066.3,2457.6,1990.3,1943503.1,MGB Form 29-18 Quarterly Energy Consumption Report,DENR-MGB,SYNTHETIC_DEMO
EC-2023Q1-018,2023,1,MGB-FAC-018,Synthetic Mineral Operation 18,R04A,CALABARZON,Silica,5761.9,14857.6,0,537963.8,MGB Form 29-18 Quarterly Energy Consumption Report,DENR-MGB,SYNTHETIC_DEMO
EC-2023Q1-019,2023,1,MGB-FAC-019,Synthetic Mineral Operation 19,R08,Eastern Visayas,Chromite,185702,21719.3,0,927839.3,MGB Form 29-18 Quarterly Energy Consumption Report,DENR-MGB,SYNTHETIC_DEMO
EC-2023Q1-020,2023,1,MGB-FAC-020,Synthetic Mineral Operation 20,R13,Caraga,Aggregates,72546.8,22061.1,0,1532213.2,MGB Form 29-18 Quarterly Energy Consumption Report,DENR-MGB,SYNTHETIC_DEMO
EC-2023Q1-021,2023,1,MGB-FAC-021,Synthetic Mineral Operation 21,R02,Cagayan Valley,Nickel ore,36344.9,2953.4,1363.9,860600.2,MGB Form 29-18 Quarterly Energy Consumption Report,DENR-MGB,SYNTHETIC_DEMO
EC-2023Q1-022,2023,1,MGB-FAC-022,Synthetic Mineral Operation 22,R06,Western Visayas,Gold ore,102495.1,15484,0,1927312.6,MGB Form 29-18 Quarterly Energy Consumption Report,DENR-MGB,SYNTHETIC_DEMO
EC-2023Q1-023,2023,1,MGB-FAC-023,Synthetic Mineral Operation 23,R11,Davao Region,Copper concentrate,161554.3,15109.4,0,2413383.2,MGB Form 29-18 Quarterly Energy Consumption Report,DENR-MGB,SYNTHETIC_DEMO
EC-2023Q1-024,2023,1,MGB-FAC-024,Synthetic Mineral Operation 24,CAR,Cordillera Administrative Region,Limestone,76226.4,12982.8,1005.7,373272.3,MGB Form 29-18 Quarterly Energy Consumption Report,DENR-MGB,SYNTHETIC_DEMO
EC-2023Q1-025,2023,1,MGB-FAC-025,Synthetic Mineral Operation 25,MIMAROPA,MIMAROPA Region,Silica,157685,13407.1,0,138710.3,MGB Form 29-18 Quarterly Energy Consumption Report,DENR-MGB,SYNTHETIC_DEMO
EC-2023Q1-026,2023,1,MGB-FAC-026,Synthetic Mineral Operation 26,R09,Zamboanga Peninsula,Chromite,65330.7,6531.6,0,544706.3,MGB Form 29-18 Quarterly Energy Consumption Report,DENR-MGB,SYNTHETIC_DEMO
EC-2023Q1-027,2023,1,MGB-FAC-027,Synthetic Mineral Operation 27,BARMM,Bangsamoro Autonomous Region in Muslim Mindanao,Aggregates,108984.5,7343.1,0,175789.1,MGB Form 29-18 Quarterly Energy Consumption Report,DENR-MGB,SYNTHETIC_DEMO
EC-2023Q1-028,2023,1,MGB-FAC-028,Synthetic Mineral Operation 28,R03,Central Luzon,Nickel ore,140827.3,15796.7,1570.4,1375215.9,MGB Form 29-18 Quarterly Energy Consumption Report,DENR-MGB,SYNTHETIC_DEMO
EC-2023Q1-029,2023,1,MGB-FAC-029,Synthetic Mineral Operation 29,R07,Central Visayas,Gold ore,11281.9,10091,0,513077.1,MGB Form 29-18 Quarterly Energy Consumption Report,DENR-MGB,SYNTHETIC_DEMO
EC-2023Q1-030,2023,1,MGB-FAC-030,Synthetic Mineral Operation 30,R12,SOCCSKSARGEN,Copper concentrate,66385.1,8528.6,0,505656,MGB Form 29-18 Quarterly Energy Consumption Report,DENR-MGB,SYNTHETIC_DEMO
EC-2023Q1-031,2023,1,MGB-FAC-031,Synthetic Mineral Operation 31,R01,Ilocos Region,Limestone,175527.7,11210.1,2148,2054036,MGB Form 29-18 Quarterly Energy Consumption Report,DENR-MGB,SYNTHETIC_DEMO
EC-2023Q1-032,2023,1,MGB-FAC-032,Synthetic Mineral Operation 32,R05,Bicol Region,Silica,171530.7,18099.7,0,2376231.1,MGB Form 29-18 Quarterly Energy Consumption Report,DENR-MGB,SYNTHETIC_DEMO
EC-2023Q1-033,2023,1,MGB-FAC-033,Synthetic Mineral Operation 33,R10,Northern Mindanao,Chromite,53942.1,22103,0,681576.1,MGB Form 29-18 Quarterly Energy Consumption Report,DENR-MGB,SYNTHETIC_DEMO
EC-2023Q1-034,2023,1,MGB-FAC-034,Synthetic Mineral Operation 34,NCR,National Capital Region,Aggregates,28669.2,4586.3,0,1438242.6,MGB Form 29-18 Quarterly Energy Consumption Report,DENR-MGB,SYNTHETIC_DEMO
EC-2023Q1-035,2023,1,MGB-FAC-035,Synthetic Mineral Operation 35,R04A,CALABARZON,Nickel ore,142521.2,4167.3,327.4,1668162.6,MGB Form 29-18 Quarterly Energy Consumption Report,DENR-MGB,SYNTHETIC_DEMO
EC-2023Q1-036,2023,1,MGB-FAC-036,Synthetic Mineral Operation 36,R08,Eastern Visayas,Gold ore,9221.5,3931.9,0,1107499.5,MGB Form 29-18 Quarterly Energy Consumption Report,DENR-MGB,SYNTHETIC_DEMO
EC-2023Q2-001,2023,2,MGB-FAC-001,Synthetic Mineral Operation 01,R04A,CALABARZON,Gold ore,47883.7,6619.9,0,1227369.3,MGB Form 29-18 Quarterly Energy Consumption Report,DENR-MGB,SYNTHETIC_DEMO
EC-2023Q2-002,2023,2,MGB-FAC-002,Synthetic Mineral Operation 02,R08,Eastern Visayas,Copper concentrate,24261.1,14481.6,0,344400.7,MGB Form 29-18 Quarterly Energy Consumption Report,DENR-MGB,SYNTHETIC_DEMO
EC-2023Q2-003,2023,2,MGB-FAC-003,Synthetic Mineral Operation 03,R13,Caraga,Limestone,17517.9,23642.9,1276.7,536538.6,MGB Form 29-18 Quarterly Energy Consumption Report,DENR-MGB,SYNTHETIC_DEMO
EC-2023Q2-004,2023,2,MGB-FAC-004,Synthetic Mineral Operation 04,R02,Cagayan Valley,Silica,17448.5,19788.8,0,777148.6,MGB Form 29-18 Quarterly Energy Consumption Report,DENR-MGB,SYNTHETIC_DEMO
EC-2023Q2-005,2023,2,MGB-FAC-005,Synthetic Mineral Operation 05,R06,Western Visayas,Chromite,40517,18496.4,0,2159022.6,MGB Form 29-18 Quarterly Energy Consumption Report,DENR-MGB,SYNTHETIC_DEMO
EC-2023Q2-006,2023,2,MGB-FAC-006,Synthetic Mineral Operation 06,R11,Davao Region,Aggregates,122007,15710.6,0,1130742.7,MGB Form 29-18 Quarterly Energy Consumption Report,DENR-MGB,SYNTHETIC_DEMO
EC-2023Q2-007,2023,2,MGB-FAC-007,Synthetic Mineral Operation 07,CAR,Cordillera Administrative Region,Nickel ore,58967.9,2287.1,679.8,1705750.5,MGB Form 29-18 Quarterly Energy Consumption Report,DENR-MGB,SYNTHETIC_DEMO
EC-2023Q2-008,2023,2,MGB-FAC-008,Synthetic Mineral Operation 08,MIMAROPA,MIMAROPA Region,Gold ore,173634.5,17647.1,0,1925941.9,MGB Form 29-18 Quarterly Energy Consumption Report,DENR-MGB,SYNTHETIC_DEMO
EC-2023Q2-009,2023,2,MGB-FAC-009,Synthetic Mineral Operation 09,R09,Zamboanga Peninsula,Copper concentrate,29500.1,21667,0,375331.1,MGB Form 29-18 Quarterly Energy Consumption Report,DENR-MGB,SYNTHETIC_DEMO
EC-2023Q2-010,2023,2,MGB-FAC-010,Synthetic Mineral Operation 10,BARMM,Bangsamoro Autonomous Region in Muslim Mindanao,Limestone,175611.5,20987.8,1462.9,1106489.4,MGB Form 29-18 Quarterly Energy Consumption Report,DENR-MGB,SYNTHETIC_DEMO
EC-2023Q2-011,2023,2,MGB-FAC-011,Synthetic Mineral Operation 11,R03,Central Luzon,Silica,125582.1,23309.4,0,2508092.9,MGB Form 29-18 Quarterly Energy Consumption Report,DENR-MGB,SYNTHETIC_DEMO
EC-2023Q2-012,2023,2,MGB-FAC-012,Synthetic Mineral Operation 12,R07,Central Visayas,Chromite,83465,7308.3,0,2399905.3,MGB Form 29-18 Quarterly Energy Consumption Report,DENR-MGB,SYNTHETIC_DEMO
EC-2023Q2-013,2023,2,MGB-FAC-013,Synthetic Mineral Operation 13,R12,SOCCSKSARGEN,Aggregates,22710.9,4078.1,0,1407760.2,MGB Form 29-18 Quarterly Energy Consumption Report,DENR-MGB,SYNTHETIC_DEMO
EC-2023Q2-014,2023,2,MGB-FAC-014,Synthetic Mineral Operation 14,R01,Ilocos Region,Nickel ore,47309.2,18195.7,1134.4,2075076.1,MGB Form 29-18 Quarterly Energy Consumption Report,DENR-MGB,SYNTHETIC_DEMO
EC-2023Q2-015,2023,2,MGB-FAC-015,Synthetic Mineral Operation 15,R05,Bicol Region,Gold ore,19217.4,14912.9,0,1436273.5,MGB Form 29-18 Quarterly Energy Consumption Report,DENR-MGB,SYNTHETIC_DEMO
EC-2023Q2-016,2023,2,MGB-FAC-016,Synthetic Mineral Operation 16,R10,Northern Mindanao,Copper concentrate,16525.3,16312.6,0,100770.7,MGB Form 29-18 Quarterly Energy Consumption Report,DENR-MGB,SYNTHETIC_DEMO
EC-2023Q2-017,2023,2,MGB-FAC-017,Synthetic Mineral Operation 17,NCR,National Capital Region,Limestone,88151,21510.1,1091.5,1231070.7,MGB Form 29-18 Quarterly Energy Consumption Report,DENR-MGB,SYNTHETIC_DEMO
EC-2023Q2-018,2023,2,MGB-FAC-018,Synthetic Mineral Operation 18,R04A,CALABARZON,Silica,130989.7,17259.1,0,1704231.8,MGB Form 29-18 Quarterly Energy Consumption Report,DENR-MGB,SYNTHETIC_DEMO
EC-2023Q2-019,2023,2,MGB-FAC-019,Synthetic Mineral Operation 19,R08,Eastern Visayas,Chromite,71195.1,15330.8,0,2197258.8,MGB Form 29-18 Quarterly Energy Consumption Report,DENR-MGB,SYNTHETIC_DEMO
EC-2023Q2-020,2023,2,MGB-FAC-020,Synthetic Mineral Operation 20,R13,Caraga,Aggregates,61761.3,17549.3,0,1914503.5,MGB Form 29-18 Quarterly Energy Consumption Report,DENR-MGB,SYNTHETIC_DEMO
EC-2023Q2-021,2023,2,MGB-FAC-021,Synthetic Mineral Operation 21,R02,Cagayan Valley,Nickel ore,138548.8,19287.9,1505.4,1511490.6,MGB Form 29-18 Quarterly Energy Consumption Report,DENR-MGB,SYNTHETIC_DEMO
EC-2023Q2-022,2023,2,MGB-FAC-022,Synthetic Mineral Operation 22,R06,Western Visayas,Gold ore,32510.5,7596.2,0,1592948.9,MGB Form 29-18 Quarterly Energy Consumption Report,DENR-MGB,SYNTHETIC_DEMO
EC-2023Q2-023,2023,2,MGB-FAC-023,Synthetic Mineral Operation 23,R11,Davao Region,Copper concentrate,62700.6,2260.6,0,2127603.5,MGB Form 29-18 Quarterly Energy Consumption Report,DENR-MGB,SYNTHETIC_DEMO
EC-2023Q2-024,2023,2,MGB-FAC-024,Synthetic Mineral Operation 24,CAR,Cordillera Administrative Region,Limestone,181744.7,7816.7,2019.1,2151061.8,MGB Form 29-18 Quarterly Energy Consumption Report,DENR-MGB,SYNTHETIC_DEMO
EC-2023Q2-025,2023,2,MGB-FAC-025,Synthetic Mineral Operation 25,MIMAROPA,MIMAROPA Region,Silica,39063.1,11800.9,0,1549462.3,MGB Form 29-18 Quarterly Energy Consumption Report,DENR-MGB,SYNTHETIC_DEMO
EC-2023Q2-026,2023,2,MGB-FAC-026,Synthetic Mineral Operation 26,R09,Zamboanga Peninsula,Chromite,6951.1,7151.9,0,726531.7,MGB Form 29-18 Quarterly Energy Consumption Report,DENR-MGB,SYNTHETIC_DEMO
EC-2023Q2-027,2023,2,MGB-FAC-027,Synthetic Mineral Operation 27,BARMM,Bangsamoro Autonomous Region in Muslim Mindanao,Aggregates,133575.7,12182.7,0,1211127.8,MGB Form 29-18 Quarterly Energy Consumption Report,DENR-MGB,SYNTHETIC_DEMO
EC-2023Q2-028,2023,2,MGB-FAC-028,Synthetic Mineral Operation 28,R03,Central Luzon,Nickel ore,154582.6,15621.5,2084.1,2480012.4,MGB Form 29-18 Quarterly Energy Consumption Report,DENR-MGB,SYNTHETIC_DEMO
EC-2023Q2-029,2023,2,MGB-FAC-029,Synthetic Mineral Operation 29,R07,Central Visayas,Gold ore,19125.9,16248.4,0,2579495.7,MGB Form 29-18 Quarterly Energy Consumption Report,DENR-MGB,SYNTHETIC_DEMO
EC-2023Q2-030,2023,2,MGB-FAC-030,Synthetic Mineral Operation 30,R12,SOCCSKSARGEN,Copper concentrate,131752.1,21951.7,0,2178042.1,MGB Form 29-18 Quarterly Energy Consumption Report,DENR-MGB,SYNTHETIC_DEMO
EC-2023Q2-031,2023,2,MGB-FAC-031,Synthetic Mineral Operation 31,R01,Ilocos Region,Limestone,78268.4,2064.4,644.6,273082.1,MGB Form 29-18 Quarterly Energy Consumption Report,DENR-MGB,SYNTHETIC_DEMO
EC-2023Q2-032,2023,2,MGB-FAC-032,Synthetic Mineral Operation 32,R05,Bicol Region,Silica,128983.1,8212.1,0,1438470.5,MGB Form 29-18 Quarterly Energy Consumption Report,DENR-MGB,SYNTHETIC_DEMO
EC-2023Q2-033,2023,2,MGB-FAC-033,Synthetic Mineral Operation 33,R10,Northern Mindanao,Chromite,72851.4,15747.5,0,2075885.3,MGB Form 29-18 Quarterly Energy Consumption Report,DENR-MGB,SYNTHETIC_DEMO
EC-2023Q2-034,2023,2,MGB-FAC-034,Synthetic Mineral Operation 34,NCR,National Capital Region,Aggregates,170151.4,20388.4,0,584653.2,MGB Form 29-18 Quarterly Energy Consumption Report,DENR-MGB,SYNTHETIC_DEMO
EC-2023Q2-035,2023,2,MGB-FAC-035,Synthetic Mineral Operation 35,R04A,CALABARZON,Nickel ore,174639.5,9770.9,2409.4,685533.8,MGB Form 29-18 Quarterly Energy Consumption Report,DENR-MGB,SYNTHETIC_DEMO
EC-2023Q2-036,2023,2,MGB-FAC-036,Synthetic Mineral Operation 36,R08,Eastern Visayas,Gold ore,49852.5,12765.6,0,1612304.4,MGB Form 29-18 Quarterly Energy Consumption Report,DENR-MGB,SYNTHETIC_DEMO
EC-2023Q3-001,2023,3,MGB-FAC-001,Synthetic Mineral Operation 01,R04A,CALABARZON,Gold ore,7764.9,20871,0,1779530.5,MGB Form 29-18 Quarterly Energy Consumption Report,DENR-MGB,SYNTHETIC_DEMO
EC-2023Q3-002,2023,3,MGB-FAC-002,Synthetic Mineral Operation 02,R08,Eastern Visayas,Copper concentrate,71279.5,13356.7,0,158007,MGB Form 29-18 Quarterly Energy Consumption Report,DENR-MGB,SYNTHETIC_DEMO
EC-2023Q3-003,2023,3,MGB-FAC-003,Synthetic Mineral Operation 03,R13,Caraga,Limestone,28673,2073.9,697.6,1419875.9,MGB Form 29-18 Quarterly Energy Consumption Report,DENR-MGB,SYNTHETIC_DEMO
EC-2023Q3-004,2023,3,MGB-FAC-004,Synthetic Mineral Operation 04,R02,Cagayan Valley,Silica,188281.5,16444.6,0,2169397.4,MGB Form 29-18 Quarterly Energy Consumption Report,DENR-MGB,SYNTHETIC_DEMO
EC-2023Q3-005,2023,3,MGB-FAC-005,Synthetic Mineral Operation 05,R06,Western Visayas,Chromite,97400.3,18134.9,0,1931522.3,MGB Form 29-18 Quarterly Energy Consumption Report,DENR-MGB,SYNTHETIC_DEMO
EC-2023Q3-006,2023,3,MGB-FAC-006,Synthetic Mineral Operation 06,R11,Davao Region,Aggregates,172420.5,2465.2,0,2191935.7,MGB Form 29-18 Quarterly Energy Consumption Report,DENR-MGB,SYNTHETIC_DEMO
EC-2023Q3-007,2023,3,MGB-FAC-007,Synthetic Mineral Operation 07,CAR,Cordillera Administrative Region,Nickel ore,106611.2,14028.6,2186.1,212326.9,MGB Form 29-18 Quarterly Energy Consumption Report,DENR-MGB,SYNTHETIC_DEMO
EC-2023Q3-008,2023,3,MGB-FAC-008,Synthetic Mineral Operation 08,MIMAROPA,MIMAROPA Region,Gold ore,36963.4,15054,0,1524301.8,MGB Form 29-18 Quarterly Energy Consumption Report,DENR-MGB,SYNTHETIC_DEMO
EC-2023Q3-009,2023,3,MGB-FAC-009,Synthetic Mineral Operation 09,R09,Zamboanga Peninsula,Copper concentrate,147744.1,21050,0,903122.7,MGB Form 29-18 Quarterly Energy Consumption Report,DENR-MGB,SYNTHETIC_DEMO
EC-2023Q3-010,2023,3,MGB-FAC-010,Synthetic Mineral Operation 10,BARMM,Bangsamoro Autonomous Region in Muslim Mindanao,Limestone,151710.2,17810,1019.4,508766.1,MGB Form 29-18 Quarterly Energy Consumption Report,DENR-MGB,SYNTHETIC_DEMO
EC-2023Q3-011,2023,3,MGB-FAC-011,Synthetic Mineral Operation 11,R03,Central Luzon,Silica,127147.2,18306.8,0,1893320.8,MGB Form 29-18 Quarterly Energy Consumption Report,DENR-MGB,SYNTHETIC_DEMO
EC-2023Q3-012,2023,3,MGB-FAC-012,Synthetic Mineral Operation 12,R07,Central Visayas,Chromite,98171.5,7491.7,0,997601.4,MGB Form 29-18 Quarterly Energy Consumption Report,DENR-MGB,SYNTHETIC_DEMO
EC-2023Q3-013,2023,3,MGB-FAC-013,Synthetic Mineral Operation 13,R12,SOCCSKSARGEN,Aggregates,139603.6,18074.4,0,1684963.9,MGB Form 29-18 Quarterly Energy Consumption Report,DENR-MGB,SYNTHETIC_DEMO
EC-2023Q3-014,2023,3,MGB-FAC-014,Synthetic Mineral Operation 14,R01,Ilocos Region,Nickel ore,161913.1,14221.8,710.7,720168.1,MGB Form 29-18 Quarterly Energy Consumption Report,DENR-MGB,SYNTHETIC_DEMO
EC-2023Q3-015,2023,3,MGB-FAC-015,Synthetic Mineral Operation 15,R05,Bicol Region,Gold ore,118076.5,13871.7,0,208694.5,MGB Form 29-18 Quarterly Energy Consumption Report,DENR-MGB,SYNTHETIC_DEMO
EC-2023Q3-016,2023,3,MGB-FAC-016,Synthetic Mineral Operation 16,R10,Northern Mindanao,Copper concentrate,114018.7,4816.8,0,1527676.8,MGB Form 29-18 Quarterly Energy Consumption Report,DENR-MGB,SYNTHETIC_DEMO
EC-2023Q3-017,2023,3,MGB-FAC-017,Synthetic Mineral Operation 17,NCR,National Capital Region,Limestone,147475.9,15046.2,1593.2,1787876.2,MGB Form 29-18 Quarterly Energy Consumption Report,DENR-MGB,SYNTHETIC_DEMO
EC-2023Q3-018,2023,3,MGB-FAC-018,Synthetic Mineral Operation 18,R04A,CALABARZON,Silica,154702.9,24414.2,0,370245.2,MGB Form 29-18 Quarterly Energy Consumption Report,DENR-MGB,SYNTHETIC_DEMO
EC-2023Q3-019,2023,3,MGB-FAC-019,Synthetic Mineral Operation 19,R08,Eastern Visayas,Chromite,27992.1,16780.9,0,1024622.5,MGB Form 29-18 Quarterly Energy Consumption Report,DENR-MGB,SYNTHETIC_DEMO
EC-2023Q3-020,2023,3,MGB-FAC-020,Synthetic Mineral Operation 20,R13,Caraga,Aggregates,101712.6,22904.4,0,2112858,MGB Form 29-18 Quarterly Energy Consumption Report,DENR-MGB,SYNTHETIC_DEMO
EC-2023Q3-021,2023,3,MGB-FAC-021,Synthetic Mineral Operation 21,R02,Cagayan Valley,Nickel ore,148626.1,16556.2,77.2,2149461.3,MGB Form 29-18 Quarterly Energy Consumption Report,DENR-MGB,SYNTHETIC_DEMO
EC-2023Q3-022,2023,3,MGB-FAC-022,Synthetic Mineral Operation 22,R06,Western Visayas,Gold ore,77492.1,11934.7,0,1919170,MGB Form 29-18 Quarterly Energy Consumption Report,DENR-MGB,SYNTHETIC_DEMO
EC-2023Q3-023,2023,3,MGB-FAC-023,Synthetic Mineral Operation 23,R11,Davao Region,Copper concentrate,158340.2,8179.9,0,1289967.7,MGB Form 29-18 Quarterly Energy Consumption Report,DENR-MGB,SYNTHETIC_DEMO
EC-2023Q3-024,2023,3,MGB-FAC-024,Synthetic Mineral Operation 24,CAR,Cordillera Administrative Region,Limestone,160115.5,6692.6,894.7,1248778.8,MGB Form 29-18 Quarterly Energy Consumption Report,DENR-MGB,SYNTHETIC_DEMO
EC-2023Q3-025,2023,3,MGB-FAC-025,Synthetic Mineral Operation 25,MIMAROPA,MIMAROPA Region,Silica,19718.5,14791.5,0,1434803.6,MGB Form 29-18 Quarterly Energy Consumption Report,DENR-MGB,SYNTHETIC_DEMO
EC-2023Q3-026,2023,3,MGB-FAC-026,Synthetic Mineral Operation 26,R09,Zamboanga Peninsula,Chromite,106619,24853.5,0,1182172.9,MGB Form 29-18 Quarterly Energy Consumption Report,DENR-MGB,SYNTHETIC_DEMO
EC-2023Q3-027,2023,3,MGB-FAC-027,Synthetic Mineral Operation 27,BARMM,Bangsamoro Autonomous Region in Muslim Mindanao,Aggregates,75408.3,20190,0,273991.3,MGB Form 29-18 Quarterly Energy Consumption Report,DENR-MGB,SYNTHETIC_DEMO
EC-2023Q3-028,2023,3,MGB-FAC-028,Synthetic Mineral Operation 28,R03,Central Luzon,Nickel ore,149633,16780,1107.2,1498260.5,MGB Form 29-18 Quarterly Energy Consumption Report,DENR-MGB,SYNTHETIC_DEMO
EC-2023Q3-029,2023,3,MGB-FAC-029,Synthetic Mineral Operation 29,R07,Central Visayas,Gold ore,45776.3,18422.1,0,357340.3,MGB Form 29-18 Quarterly Energy Consumption Report,DENR-MGB,SYNTHETIC_DEMO
EC-2023Q3-030,2023,3,MGB-FAC-030,Synthetic Mineral Operation 30,R12,SOCCSKSARGEN,Copper concentrate,30104.9,11833.6,0,1542027.9,MGB Form 29-18 Quarterly Energy Consumption Report,DENR-MGB,SYNTHETIC_DEMO
EC-2023Q3-031,2023,3,MGB-FAC-031,Synthetic Mineral Operation 31,R01,Ilocos Region,Limestone,156276.2,17663.5,119.7,2515700.2,MGB Form 29-18 Quarterly Energy Consumption Report,DENR-MGB,SYNTHETIC_DEMO
EC-2023Q3-032,2023,3,MGB-FAC-032,Synthetic Mineral Operation 32,R05,Bicol Region,Silica,23345.3,19762.1,0,652470.2,MGB Form 29-18 Quarterly Energy Consumption Report,DENR-MGB,SYNTHETIC_DEMO
EC-2023Q3-033,2023,3,MGB-FAC-033,Synthetic Mineral Operation 33,R10,Northern Mindanao,Chromite,126147.4,21256.6,0,1575471.8,MGB Form 29-18 Quarterly Energy Consumption Report,DENR-MGB,SYNTHETIC_DEMO
EC-2023Q3-034,2023,3,MGB-FAC-034,Synthetic Mineral Operation 34,NCR,National Capital Region,Aggregates,161114.7,10943.8,0,806833,MGB Form 29-18 Quarterly Energy Consumption Report,DENR-MGB,SYNTHETIC_DEMO
EC-2023Q3-035,2023,3,MGB-FAC-035,Synthetic Mineral Operation 35,R04A,CALABARZON,Nickel ore,72542.9,9330.3,856.6,1191346.3,MGB Form 29-18 Quarterly Energy Consumption Report,DENR-MGB,SYNTHETIC_DEMO
EC-2023Q3-036,2023,3,MGB-FAC-036,Synthetic Mineral Operation 36,R08,Eastern Visayas,Gold ore,104042.6,22590.5,0,294735.6,MGB Form 29-18 Quarterly Energy Consumption Report,DENR-MGB,SYNTHETIC_DEMO
EC-2023Q4-001,2023,4,MGB-FAC-001,Synthetic Mineral Operation 01,R04A,CALABARZON,Gold ore,135631.6,10968,0,1298443.3,MGB Form 29-18 Quarterly Energy Consumption Report,DENR-MGB,SYNTHETIC_DEMO
EC-2023Q4-002,2023,4,MGB-FAC-002,Synthetic Mineral Operation 02,R08,Eastern Visayas,Copper concentrate,133692.9,6848.9,0,2389832.9,MGB Form 29-18 Quarterly Energy Consumption Report,DENR-MGB,SYNTHETIC_DEMO
EC-2023Q4-003,2023,4,MGB-FAC-003,Synthetic Mineral Operation 03,R13,Caraga,Limestone,96923.7,23394.2,2403.9,1801197.7,MGB Form 29-18 Quarterly Energy Consumption Report,DENR-MGB,SYNTHETIC_DEMO
EC-2023Q4-004,2023,4,MGB-FAC-004,Synthetic Mineral Operation 04,R02,Cagayan Valley,Silica,15390.9,4399.1,0,933912.7,MGB Form 29-18 Quarterly Energy Consumption Report,DENR-MGB,SYNTHETIC_DEMO
EC-2023Q4-005,2023,4,MGB-FAC-005,Synthetic Mineral Operation 05,R06,Western Visayas,Chromite,180671.5,18343.7,0,1441583.3,MGB Form 29-18 Quarterly Energy Consumption Report,DENR-MGB,SYNTHETIC_DEMO
EC-2023Q4-006,2023,4,MGB-FAC-006,Synthetic Mineral Operation 06,R11,Davao Region,Aggregates,162919.7,22786.4,0,284386.3,MGB Form 29-18 Quarterly Energy Consumption Report,DENR-MGB,SYNTHETIC_DEMO
EC-2023Q4-007,2023,4,MGB-FAC-007,Synthetic Mineral Operation 07,CAR,Cordillera Administrative Region,Nickel ore,141126.4,5325.5,1862.9,1133673.5,MGB Form 29-18 Quarterly Energy Consumption Report,DENR-MGB,SYNTHETIC_DEMO
EC-2023Q4-008,2023,4,MGB-FAC-008,Synthetic Mineral Operation 08,MIMAROPA,MIMAROPA Region,Gold ore,129289.7,12379.9,0,2197512.8,MGB Form 29-18 Quarterly Energy Consumption Report,DENR-MGB,SYNTHETIC_DEMO
EC-2023Q4-009,2023,4,MGB-FAC-009,Synthetic Mineral Operation 09,R09,Zamboanga Peninsula,Copper concentrate,134414.3,9946,0,170419.7,MGB Form 29-18 Quarterly Energy Consumption Report,DENR-MGB,SYNTHETIC_DEMO
EC-2023Q4-010,2023,4,MGB-FAC-010,Synthetic Mineral Operation 10,BARMM,Bangsamoro Autonomous Region in Muslim Mindanao,Limestone,175317,9233.6,1322.5,1336430.1,MGB Form 29-18 Quarterly Energy Consumption Report,DENR-MGB,SYNTHETIC_DEMO
EC-2023Q4-011,2023,4,MGB-FAC-011,Synthetic Mineral Operation 11,R03,Central Luzon,Silica,75857.9,16677.2,0,823025.2,MGB Form 29-18 Quarterly Energy Consumption Report,DENR-MGB,SYNTHETIC_DEMO
EC-2023Q4-012,2023,4,MGB-FAC-012,Synthetic Mineral Operation 12,R07,Central Visayas,Chromite,111458.2,9671,0,1650132.3,MGB Form 29-18 Quarterly Energy Consumption Report,DENR-MGB,SYNTHETIC_DEMO
EC-2023Q4-013,2023,4,MGB-FAC-013,Synthetic Mineral Operation 13,R12,SOCCSKSARGEN,Aggregates,96205.1,15991.8,0,967140.2,MGB Form 29-18 Quarterly Energy Consumption Report,DENR-MGB,SYNTHETIC_DEMO
EC-2023Q4-014,2023,4,MGB-FAC-014,Synthetic Mineral Operation 14,R01,Ilocos Region,Nickel ore,36572.3,6697.7,1627.9,1079171.7,MGB Form 29-18 Quarterly Energy Consumption Report,DENR-MGB,SYNTHETIC_DEMO
EC-2023Q4-015,2023,4,MGB-FAC-015,Synthetic Mineral Operation 15,R05,Bicol Region,Gold ore,132619.8,14624,0,2160426.8,MGB Form 29-18 Quarterly Energy Consumption Report,DENR-MGB,SYNTHETIC_DEMO
EC-2023Q4-016,2023,4,MGB-FAC-016,Synthetic Mineral Operation 16,R10,Northern Mindanao,Copper concentrate,60137,2767.6,0,1411773.7,MGB Form 29-18 Quarterly Energy Consumption Report,DENR-MGB,SYNTHETIC_DEMO
EC-2023Q4-017,2023,4,MGB-FAC-017,Synthetic Mineral Operation 17,NCR,National Capital Region,Limestone,166280.5,13332.5,610.7,526245.4,MGB Form 29-18 Quarterly Energy Consumption Report,DENR-MGB,SYNTHETIC_DEMO
EC-2023Q4-018,2023,4,MGB-FAC-018,Synthetic Mineral Operation 18,R04A,CALABARZON,Silica,139086.4,9964.3,0,507025.4,MGB Form 29-18 Quarterly Energy Consumption Report,DENR-MGB,SYNTHETIC_DEMO
EC-2023Q4-019,2023,4,MGB-FAC-019,Synthetic Mineral Operation 19,R08,Eastern Visayas,Chromite,181886.3,7993.4,0,2056409.8,MGB Form 29-18 Quarterly Energy Consumption Report,DENR-MGB,SYNTHETIC_DEMO
EC-2023Q4-020,2023,4,MGB-FAC-020,Synthetic Mineral Operation 20,R13,Caraga,Aggregates,50421,10552.9,0,2590338.1,MGB Form 29-18 Quarterly Energy Consumption Report,DENR-MGB,SYNTHETIC_DEMO
EC-2023Q4-021,2023,4,MGB-FAC-021,Synthetic Mineral Operation 21,R02,Cagayan Valley,Nickel ore,30579.2,17804.8,1894.8,752865.3,MGB Form 29-18 Quarterly Energy Consumption Report,DENR-MGB,SYNTHETIC_DEMO
EC-2023Q4-022,2023,4,MGB-FAC-022,Synthetic Mineral Operation 22,R06,Western Visayas,Gold ore,5516.8,11559.1,0,299179.4,MGB Form 29-18 Quarterly Energy Consumption Report,DENR-MGB,SYNTHETIC_DEMO
EC-2023Q4-023,2023,4,MGB-FAC-023,Synthetic Mineral Operation 23,R11,Davao Region,Copper concentrate,141154,20375.6,0,1094920.6,MGB Form 29-18 Quarterly Energy Consumption Report,DENR-MGB,SYNTHETIC_DEMO
EC-2023Q4-024,2023,4,MGB-FAC-024,Synthetic Mineral Operation 24,CAR,Cordillera Administrative Region,Limestone,96419.1,21415.2,2479.4,2051423.3,MGB Form 29-18 Quarterly Energy Consumption Report,DENR-MGB,SYNTHETIC_DEMO
EC-2023Q4-025,2023,4,MGB-FAC-025,Synthetic Mineral Operation 25,MIMAROPA,MIMAROPA Region,Silica,180488.1,11244.8,0,613779.5,MGB Form 29-18 Quarterly Energy Consumption Report,DENR-MGB,SYNTHETIC_DEMO
EC-2023Q4-026,2023,4,MGB-FAC-026,Synthetic Mineral Operation 26,R09,Zamboanga Peninsula,Chromite,139210.1,23260,0,340682.8,MGB Form 29-18 Quarterly Energy Consumption Report,DENR-MGB,SYNTHETIC_DEMO
EC-2023Q4-027,2023,4,MGB-FAC-027,Synthetic Mineral Operation 27,BARMM,Bangsamoro Autonomous Region in Muslim Mindanao,Aggregates,119003.2,6490.1,0,478928,MGB Form 29-18 Quarterly Energy Consumption Report,DENR-MGB,SYNTHETIC_DEMO
EC-2023Q4-028,2023,4,MGB-FAC-028,Synthetic Mineral Operation 28,R03,Central Luzon,Nickel ore,38973.1,19869.5,248.7,784098.4,MGB Form 29-18 Quarterly Energy Consumption Report,DENR-MGB,SYNTHETIC_DEMO
EC-2023Q4-029,2023,4,MGB-FAC-029,Synthetic Mineral Operation 29,R07,Central Visayas,Gold ore,169765.4,20362.8,0,713769.6,MGB Form 29-18 Quarterly Energy Consumption Report,DENR-MGB,SYNTHETIC_DEMO
EC-2023Q4-030,2023,4,MGB-FAC-030,Synthetic Mineral Operation 30,R12,SOCCSKSARGEN,Copper concentrate,12770.9,19108.8,0,324916,MGB Form 29-18 Quarterly Energy Consumption Report,DENR-MGB,SYNTHETIC_DEMO
EC-2023Q4-031,2023,4,MGB-FAC-031,Synthetic Mineral Operation 31,R01,Ilocos Region,Limestone,33094.6,6151.7,1595.6,663127,MGB Form 29-18 Quarterly Energy Consumption Report,DENR-MGB,SYNTHETIC_DEMO
EC-2023Q4-032,2023,4,MGB-FAC-032,Synthetic Mineral Operation 32,R05,Bicol Region,Silica,9599.7,24045.7,0,1843092.1,MGB Form 29-18 Quarterly Energy Consumption Report,DENR-MGB,SYNTHETIC_DEMO
EC-2023Q4-033,2023,4,MGB-FAC-033,Synthetic Mineral Operation 33,R10,Northern Mindanao,Chromite,107431.9,6444,0,1241088.3,MGB Form 29-18 Quarterly Energy Consumption Report,DENR-MGB,SYNTHETIC_DEMO
EC-2023Q4-034,2023,4,MGB-FAC-034,Synthetic Mineral Operation 34,NCR,National Capital Region,Aggregates,7006.5,24392.9,0,1732210.1,MGB Form 29-18 Quarterly Energy Consumption Report,DENR-MGB,SYNTHETIC_DEMO
EC-2023Q4-035,2023,4,MGB-FAC-035,Synthetic Mineral Operation 35,R04A,CALABARZON,Nickel ore,100786,2048,1873.2,819766.4,MGB Form 29-18 Quarterly Energy Consumption Report,DENR-MGB,SYNTHETIC_DEMO
EC-2023Q4-036,2023,4,MGB-FAC-036,Synthetic Mineral Operation 36,R08,Eastern Visayas,Gold ore,107689.6,1354.2,0,427341.2,MGB Form 29-18 Quarterly Energy Consumption Report,DENR-MGB,SYNTHETIC_DEMO
EC-2024Q1-001,2024,1,MGB-FAC-001,Synthetic Mineral Operation 01,R04A,CALABARZON,Gold ore,91304.5,14640.9,0,2176336.3,MGB Form 29-18 Quarterly Energy Consumption Report,DENR-MGB,SYNTHETIC_DEMO
EC-2024Q1-002,2024,1,MGB-FAC-002,Synthetic Mineral Operation 02,R08,Eastern Visayas,Copper concentrate,175757.6,22680.4,0,293812.3,MGB Form 29-18 Quarterly Energy Consumption Report,DENR-MGB,SYNTHETIC_DEMO
EC-2024Q1-003,2024,1,MGB-FAC-003,Synthetic Mineral Operation 03,R13,Caraga,Limestone,100503.9,24559.1,177.4,1539772.7,MGB Form 29-18 Quarterly Energy Consumption Report,DENR-MGB,SYNTHETIC_DEMO
EC-2024Q1-004,2024,1,MGB-FAC-004,Synthetic Mineral Operation 04,R02,Cagayan Valley,Silica,120204.6,13340.6,0,1343625.1,MGB Form 29-18 Quarterly Energy Consumption Report,DENR-MGB,SYNTHETIC_DEMO
EC-2024Q1-005,2024,1,MGB-FAC-005,Synthetic Mineral Operation 05,R06,Western Visayas,Chromite,122580.7,7143.3,0,637314.2,MGB Form 29-18 Quarterly Energy Consumption Report,DENR-MGB,SYNTHETIC_DEMO
EC-2024Q1-006,2024,1,MGB-FAC-006,Synthetic Mineral Operation 06,R11,Davao Region,Aggregates,171325.4,756,0,273342.5,MGB Form 29-18 Quarterly Energy Consumption Report,DENR-MGB,SYNTHETIC_DEMO
EC-2024Q1-007,2024,1,MGB-FAC-007,Synthetic Mineral Operation 07,CAR,Cordillera Administrative Region,Nickel ore,69937.2,21909.1,888.2,1836587.9,MGB Form 29-18 Quarterly Energy Consumption Report,DENR-MGB,SYNTHETIC_DEMO
EC-2024Q1-008,2024,1,MGB-FAC-008,Synthetic Mineral Operation 08,MIMAROPA,MIMAROPA Region,Gold ore,181900.4,9024.3,0,861933.4,MGB Form 29-18 Quarterly Energy Consumption Report,DENR-MGB,SYNTHETIC_DEMO
EC-2024Q1-009,2024,1,MGB-FAC-009,Synthetic Mineral Operation 09,R09,Zamboanga Peninsula,Copper concentrate,13287.2,16672.2,0,1449990.1,MGB Form 29-18 Quarterly Energy Consumption Report,DENR-MGB,SYNTHETIC_DEMO
EC-2024Q1-010,2024,1,MGB-FAC-010,Synthetic Mineral Operation 10,BARMM,Bangsamoro Autonomous Region in Muslim Mindanao,Limestone,78757.7,12934.8,1685.5,985485.6,MGB Form 29-18 Quarterly Energy Consumption Report,DENR-MGB,SYNTHETIC_DEMO
EC-2024Q1-011,2024,1,MGB-FAC-011,Synthetic Mineral Operation 11,R03,Central Luzon,Silica,79608,4754.7,0,1568717.1,MGB Form 29-18 Quarterly Energy Consumption Report,DENR-MGB,SYNTHETIC_DEMO
EC-2024Q1-012,2024,1,MGB-FAC-012,Synthetic Mineral Operation 12,R07,Central Visayas,Chromite,13221.3,314,0,683162.7,MGB Form 29-18 Quarterly Energy Consumption Report,DENR-MGB,SYNTHETIC_DEMO
EC-2024Q1-013,2024,1,MGB-FAC-013,Synthetic Mineral Operation 13,R12,SOCCSKSARGEN,Aggregates,70479,12720.8,0,1885939.8,MGB Form 29-18 Quarterly Energy Consumption Report,DENR-MGB,SYNTHETIC_DEMO
EC-2024Q1-014,2024,1,MGB-FAC-014,Synthetic Mineral Operation 14,R01,Ilocos Region,Nickel ore,103944.7,11659.9,41.5,2041462.3,MGB Form 29-18 Quarterly Energy Consumption Report,DENR-MGB,SYNTHETIC_DEMO
EC-2024Q1-015,2024,1,MGB-FAC-015,Synthetic Mineral Operation 15,R05,Bicol Region,Gold ore,155755,16155.4,0,329471.2,MGB Form 29-18 Quarterly Energy Consumption Report,DENR-MGB,SYNTHETIC_DEMO
EC-2024Q1-016,2024,1,MGB-FAC-016,Synthetic Mineral Operation 16,R10,Northern Mindanao,Copper concentrate,34648.7,14272.3,0,1179658.2,MGB Form 29-18 Quarterly Energy Consumption Report,DENR-MGB,SYNTHETIC_DEMO
EC-2024Q1-017,2024,1,MGB-FAC-017,Synthetic Mineral Operation 17,NCR,National Capital Region,Limestone,120458.9,8205.5,2158.6,505072.5,MGB Form 29-18 Quarterly Energy Consumption Report,DENR-MGB,SYNTHETIC_DEMO
EC-2024Q1-018,2024,1,MGB-FAC-018,Synthetic Mineral Operation 18,R04A,CALABARZON,Silica,165731.6,12619.4,0,2104236.4,MGB Form 29-18 Quarterly Energy Consumption Report,DENR-MGB,SYNTHETIC_DEMO
EC-2024Q1-019,2024,1,MGB-FAC-019,Synthetic Mineral Operation 19,R08,Eastern Visayas,Chromite,164175.9,19256.9,0,851693.7,MGB Form 29-18 Quarterly Energy Consumption Report,DENR-MGB,SYNTHETIC_DEMO
EC-2024Q1-020,2024,1,MGB-FAC-020,Synthetic Mineral Operation 20,R13,Caraga,Aggregates,52144.7,4554.9,0,782743.9,MGB Form 29-18 Quarterly Energy Consumption Report,DENR-MGB,SYNTHETIC_DEMO
EC-2024Q1-021,2024,1,MGB-FAC-021,Synthetic Mineral Operation 21,R02,Cagayan Valley,Nickel ore,138363.6,17053.2,2484.3,1514935.5,MGB Form 29-18 Quarterly Energy Consumption Report,DENR-MGB,SYNTHETIC_DEMO
EC-2024Q1-022,2024,1,MGB-FAC-022,Synthetic Mineral Operation 22,R06,Western Visayas,Gold ore,127197.4,12990.2,0,2468054.1,MGB Form 29-18 Quarterly Energy Consumption Report,DENR-MGB,SYNTHETIC_DEMO
EC-2024Q1-023,2024,1,MGB-FAC-023,Synthetic Mineral Operation 23,R11,Davao Region,Copper concentrate,31318.2,8524.5,0,757916.7,MGB Form 29-18 Quarterly Energy Consumption Report,DENR-MGB,SYNTHETIC_DEMO
EC-2024Q1-024,2024,1,MGB-FAC-024,Synthetic Mineral Operation 24,CAR,Cordillera Administrative Region,Limestone,92916,8839.1,1117.9,406020.8,MGB Form 29-18 Quarterly Energy Consumption Report,DENR-MGB,SYNTHETIC_DEMO
EC-2024Q1-025,2024,1,MGB-FAC-025,Synthetic Mineral Operation 25,MIMAROPA,MIMAROPA Region,Silica,26825.9,14020.8,0,1377805,MGB Form 29-18 Quarterly Energy Consumption Report,DENR-MGB,SYNTHETIC_DEMO
EC-2024Q1-026,2024,1,MGB-FAC-026,Synthetic Mineral Operation 26,R09,Zamboanga Peninsula,Chromite,72219,3787.9,0,2278824.2,MGB Form 29-18 Quarterly Energy Consumption Report,DENR-MGB,SYNTHETIC_DEMO
EC-2024Q1-027,2024,1,MGB-FAC-027,Synthetic Mineral Operation 27,BARMM,Bangsamoro Autonomous Region in Muslim Mindanao,Aggregates,129940.3,15609.7,0,1590881,MGB Form 29-18 Quarterly Energy Consumption Report,DENR-MGB,SYNTHETIC_DEMO
EC-2024Q1-028,2024,1,MGB-FAC-028,Synthetic Mineral Operation 28,R03,Central Luzon,Nickel ore,134890.5,17171.4,2424.5,306220.6,MGB Form 29-18 Quarterly Energy Consumption Report,DENR-MGB,SYNTHETIC_DEMO
EC-2024Q1-029,2024,1,MGB-FAC-029,Synthetic Mineral Operation 29,R07,Central Visayas,Gold ore,164941.4,6959.3,0,2295655.4,MGB Form 29-18 Quarterly Energy Consumption Report,DENR-MGB,SYNTHETIC_DEMO
EC-2024Q1-030,2024,1,MGB-FAC-030,Synthetic Mineral Operation 30,R12,SOCCSKSARGEN,Copper concentrate,22809.9,24392.5,0,331478.2,MGB Form 29-18 Quarterly Energy Consumption Report,DENR-MGB,SYNTHETIC_DEMO
EC-2024Q1-031,2024,1,MGB-FAC-031,Synthetic Mineral Operation 31,R01,Ilocos Region,Limestone,153885.5,18873,500.4,270490.5,MGB Form 29-18 Quarterly Energy Consumption Report,DENR-MGB,SYNTHETIC_DEMO
EC-2024Q1-032,2024,1,MGB-FAC-032,Synthetic Mineral Operation 32,R05,Bicol Region,Silica,20514.6,19953.4,0,1426383.6,MGB Form 29-18 Quarterly Energy Consumption Report,DENR-MGB,SYNTHETIC_DEMO
EC-2024Q1-033,2024,1,MGB-FAC-033,Synthetic Mineral Operation 33,R10,Northern Mindanao,Chromite,17987.7,16284.8,0,1130018,MGB Form 29-18 Quarterly Energy Consumption Report,DENR-MGB,SYNTHETIC_DEMO
EC-2024Q1-034,2024,1,MGB-FAC-034,Synthetic Mineral Operation 34,NCR,National Capital Region,Aggregates,134481,18401.8,0,1503284.7,MGB Form 29-18 Quarterly Energy Consumption Report,DENR-MGB,SYNTHETIC_DEMO
EC-2024Q1-035,2024,1,MGB-FAC-035,Synthetic Mineral Operation 35,R04A,CALABARZON,Nickel ore,183779.5,6781.4,2360,2121461.2,MGB Form 29-18 Quarterly Energy Consumption Report,DENR-MGB,SYNTHETIC_DEMO
EC-2024Q1-036,2024,1,MGB-FAC-036,Synthetic Mineral Operation 36,R08,Eastern Visayas,Gold ore,17363.6,13837.5,0,2132720,MGB Form 29-18 Quarterly Energy Consumption Report,DENR-MGB,SYNTHETIC_DEMO
EC-2024Q2-001,2024,2,MGB-FAC-001,Synthetic Mineral Operation 01,R04A,CALABARZON,Gold ore,85022.2,18019.3,0,1504546.4,MGB Form 29-18 Quarterly Energy Consumption Report,DENR-MGB,SYNTHETIC_DEMO
EC-2024Q2-002,2024,2,MGB-FAC-002,Synthetic Mineral Operation 02,R08,Eastern Visayas,Copper concentrate,50356.5,17845.4,0,2148037,MGB Form 29-18 Quarterly Energy Consumption Report,DENR-MGB,SYNTHETIC_DEMO
EC-2024Q2-003,2024,2,MGB-FAC-003,Synthetic Mineral Operation 03,R13,Caraga,Limestone,11083.3,5424.8,2219.2,1173336.9,MGB Form 29-18 Quarterly Energy Consumption Report,DENR-MGB,SYNTHETIC_DEMO
EC-2024Q2-004,2024,2,MGB-FAC-004,Synthetic Mineral Operation 04,R02,Cagayan Valley,Silica,27876.6,16446.8,0,1919557.3,MGB Form 29-18 Quarterly Energy Consumption Report,DENR-MGB,SYNTHETIC_DEMO
EC-2024Q2-005,2024,2,MGB-FAC-005,Synthetic Mineral Operation 05,R06,Western Visayas,Chromite,143491.1,17215.4,0,918563.6,MGB Form 29-18 Quarterly Energy Consumption Report,DENR-MGB,SYNTHETIC_DEMO
EC-2024Q2-006,2024,2,MGB-FAC-006,Synthetic Mineral Operation 06,R11,Davao Region,Aggregates,164739,11636,0,2513983.9,MGB Form 29-18 Quarterly Energy Consumption Report,DENR-MGB,SYNTHETIC_DEMO
EC-2024Q2-007,2024,2,MGB-FAC-007,Synthetic Mineral Operation 07,CAR,Cordillera Administrative Region,Nickel ore,124722.3,11376,2074.6,603963.2,MGB Form 29-18 Quarterly Energy Consumption Report,DENR-MGB,SYNTHETIC_DEMO
EC-2024Q2-008,2024,2,MGB-FAC-008,Synthetic Mineral Operation 08,MIMAROPA,MIMAROPA Region,Gold ore,69749.4,5310.7,0,1326261.2,MGB Form 29-18 Quarterly Energy Consumption Report,DENR-MGB,SYNTHETIC_DEMO
EC-2024Q2-009,2024,2,MGB-FAC-009,Synthetic Mineral Operation 09,R09,Zamboanga Peninsula,Copper concentrate,100914.6,19435.1,0,780318.7,MGB Form 29-18 Quarterly Energy Consumption Report,DENR-MGB,SYNTHETIC_DEMO
EC-2024Q2-010,2024,2,MGB-FAC-010,Synthetic Mineral Operation 10,BARMM,Bangsamoro Autonomous Region in Muslim Mindanao,Limestone,86175.3,6074.7,956.8,1903398.6,MGB Form 29-18 Quarterly Energy Consumption Report,DENR-MGB,SYNTHETIC_DEMO
EC-2024Q2-011,2024,2,MGB-FAC-011,Synthetic Mineral Operation 11,R03,Central Luzon,Silica,144367.2,22474,0,285472.6,MGB Form 29-18 Quarterly Energy Consumption Report,DENR-MGB,SYNTHETIC_DEMO
EC-2024Q2-012,2024,2,MGB-FAC-012,Synthetic Mineral Operation 12,R07,Central Visayas,Chromite,168998.9,2968,0,945968.3,MGB Form 29-18 Quarterly Energy Consumption Report,DENR-MGB,SYNTHETIC_DEMO
EC-2024Q2-013,2024,2,MGB-FAC-013,Synthetic Mineral Operation 13,R12,SOCCSKSARGEN,Aggregates,42249.5,19824.3,0,1651410.3,MGB Form 29-18 Quarterly Energy Consumption Report,DENR-MGB,SYNTHETIC_DEMO
EC-2024Q2-014,2024,2,MGB-FAC-014,Synthetic Mineral Operation 14,R01,Ilocos Region,Nickel ore,55991.7,10190.5,1344.8,630703.2,MGB Form 29-18 Quarterly Energy Consumption Report,DENR-MGB,SYNTHETIC_DEMO
EC-2024Q2-015,2024,2,MGB-FAC-015,Synthetic Mineral Operation 15,R05,Bicol Region,Gold ore,104179.1,16814.8,0,2069610.1,MGB Form 29-18 Quarterly Energy Consumption Report,DENR-MGB,SYNTHETIC_DEMO
EC-2024Q2-016,2024,2,MGB-FAC-016,Synthetic Mineral Operation 16,R10,Northern Mindanao,Copper concentrate,160776.7,4807.1,0,663438.4,MGB Form 29-18 Quarterly Energy Consumption Report,DENR-MGB,SYNTHETIC_DEMO
EC-2024Q2-017,2024,2,MGB-FAC-017,Synthetic Mineral Operation 17,NCR,National Capital Region,Limestone,87144.9,7698.1,2254.4,1370187.6,MGB Form 29-18 Quarterly Energy Consumption Report,DENR-MGB,SYNTHETIC_DEMO
EC-2024Q2-018,2024,2,MGB-FAC-018,Synthetic Mineral Operation 18,R04A,CALABARZON,Silica,67366,18491.9,0,119034.2,MGB Form 29-18 Quarterly Energy Consumption Report,DENR-MGB,SYNTHETIC_DEMO
EC-2024Q2-019,2024,2,MGB-FAC-019,Synthetic Mineral Operation 19,R08,Eastern Visayas,Chromite,12564.8,203.6,0,1449997.1,MGB Form 29-18 Quarterly Energy Consumption Report,DENR-MGB,SYNTHETIC_DEMO
EC-2024Q2-020,2024,2,MGB-FAC-020,Synthetic Mineral Operation 20,R13,Caraga,Aggregates,146317.3,21935,0,890425.3,MGB Form 29-18 Quarterly Energy Consumption Report,DENR-MGB,SYNTHETIC_DEMO
EC-2024Q2-021,2024,2,MGB-FAC-021,Synthetic Mineral Operation 21,R02,Cagayan Valley,Nickel ore,177993.3,21445.6,677,250179.8,MGB Form 29-18 Quarterly Energy Consumption Report,DENR-MGB,SYNTHETIC_DEMO
EC-2024Q2-022,2024,2,MGB-FAC-022,Synthetic Mineral Operation 22,R06,Western Visayas,Gold ore,96845.7,16665,0,790793.3,MGB Form 29-18 Quarterly Energy Consumption Report,DENR-MGB,SYNTHETIC_DEMO
EC-2024Q2-023,2024,2,MGB-FAC-023,Synthetic Mineral Operation 23,R11,Davao Region,Copper concentrate,118468.2,17084.4,0,1067244.3,MGB Form 29-18 Quarterly Energy Consumption Report,DENR-MGB,SYNTHETIC_DEMO
EC-2024Q2-024,2024,2,MGB-FAC-024,Synthetic Mineral Operation 24,CAR,Cordillera Administrative Region,Limestone,30153,13611.4,875.6,1222333.2,MGB Form 29-18 Quarterly Energy Consumption Report,DENR-MGB,SYNTHETIC_DEMO
EC-2024Q2-025,2024,2,MGB-FAC-025,Synthetic Mineral Operation 25,MIMAROPA,MIMAROPA Region,Silica,44795.9,11264.4,0,1720966.9,MGB Form 29-18 Quarterly Energy Consumption Report,DENR-MGB,SYNTHETIC_DEMO
EC-2024Q2-026,2024,2,MGB-FAC-026,Synthetic Mineral Operation 26,R09,Zamboanga Peninsula,Chromite,172681.5,21403.9,0,2102762.3,MGB Form 29-18 Quarterly Energy Consumption Report,DENR-MGB,SYNTHETIC_DEMO
EC-2024Q2-027,2024,2,MGB-FAC-027,Synthetic Mineral Operation 27,BARMM,Bangsamoro Autonomous Region in Muslim Mindanao,Aggregates,62643.8,12687.3,0,779355.8,MGB Form 29-18 Quarterly Energy Consumption Report,DENR-MGB,SYNTHETIC_DEMO
EC-2024Q2-028,2024,2,MGB-FAC-028,Synthetic Mineral Operation 28,R03,Central Luzon,Nickel ore,124028,18106,709.7,915562.8,MGB Form 29-18 Quarterly Energy Consumption Report,DENR-MGB,SYNTHETIC_DEMO
EC-2024Q2-029,2024,2,MGB-FAC-029,Synthetic Mineral Operation 29,R07,Central Visayas,Gold ore,99933.6,3938.3,0,975783.4,MGB Form 29-18 Quarterly Energy Consumption Report,DENR-MGB,SYNTHETIC_DEMO
EC-2024Q2-030,2024,2,MGB-FAC-030,Synthetic Mineral Operation 30,R12,SOCCSKSARGEN,Copper concentrate,16644.3,24184.6,0,2115400.6,MGB Form 29-18 Quarterly Energy Consumption Report,DENR-MGB,SYNTHETIC_DEMO
EC-2024Q2-031,2024,2,MGB-FAC-031,Synthetic Mineral Operation 31,R01,Ilocos Region,Limestone,20766.2,2931.1,1239.9,1950743.5,MGB Form 29-18 Quarterly Energy Consumption Report,DENR-MGB,SYNTHETIC_DEMO
EC-2024Q2-032,2024,2,MGB-FAC-032,Synthetic Mineral Operation 32,R05,Bicol Region,Silica,164720.2,6110.9,0,2349291.9,MGB Form 29-18 Quarterly Energy Consumption Report,DENR-MGB,SYNTHETIC_DEMO
EC-2024Q2-033,2024,2,MGB-FAC-033,Synthetic Mineral Operation 33,R10,Northern Mindanao,Chromite,58878.7,10323,0,1950945.6,MGB Form 29-18 Quarterly Energy Consumption Report,DENR-MGB,SYNTHETIC_DEMO
EC-2024Q2-034,2024,2,MGB-FAC-034,Synthetic Mineral Operation 34,NCR,National Capital Region,Aggregates,139479.5,12389.9,0,2106865.5,MGB Form 29-18 Quarterly Energy Consumption Report,DENR-MGB,SYNTHETIC_DEMO
EC-2024Q2-035,2024,2,MGB-FAC-035,Synthetic Mineral Operation 35,R04A,CALABARZON,Nickel ore,176615.3,16621.9,2276.8,1181998.7,MGB Form 29-18 Quarterly Energy Consumption Report,DENR-MGB,SYNTHETIC_DEMO
EC-2024Q2-036,2024,2,MGB-FAC-036,Synthetic Mineral Operation 36,R08,Eastern Visayas,Gold ore,154981.8,11280.1,0,1330993.7,MGB Form 29-18 Quarterly Energy Consumption Report,DENR-MGB,SYNTHETIC_DEMO
EC-2024Q3-001,2024,3,MGB-FAC-001,Synthetic Mineral Operation 01,R04A,CALABARZON,Gold ore,154870.8,23174.1,0,819503.4,MGB Form 29-18 Quarterly Energy Consumption Report,DENR-MGB,SYNTHETIC_DEMO
EC-2024Q3-002,2024,3,MGB-FAC-002,Synthetic Mineral Operation 02,R08,Eastern Visayas,Copper concentrate,91539.9,18411.1,0,48317.3,MGB Form 29-18 Quarterly Energy Consumption Report,DENR-MGB,SYNTHETIC_DEMO
EC-2024Q3-003,2024,3,MGB-FAC-003,Synthetic Mineral Operation 03,R13,Caraga,Limestone,138371,17627.6,1002.8,613455.1,MGB Form 29-18 Quarterly Energy Consumption Report,DENR-MGB,SYNTHETIC_DEMO
EC-2024Q3-004,2024,3,MGB-FAC-004,Synthetic Mineral Operation 04,R02,Cagayan Valley,Silica,124181.7,461.4,0,1010443.1,MGB Form 29-18 Quarterly Energy Consumption Report,DENR-MGB,SYNTHETIC_DEMO
EC-2024Q3-005,2024,3,MGB-FAC-005,Synthetic Mineral Operation 05,R06,Western Visayas,Chromite,33918.1,17239.8,0,2260011,MGB Form 29-18 Quarterly Energy Consumption Report,DENR-MGB,SYNTHETIC_DEMO
EC-2024Q3-006,2024,3,MGB-FAC-006,Synthetic Mineral Operation 06,R11,Davao Region,Aggregates,153422.6,21660.6,0,2208514.2,MGB Form 29-18 Quarterly Energy Consumption Report,DENR-MGB,SYNTHETIC_DEMO
EC-2024Q3-007,2024,3,MGB-FAC-007,Synthetic Mineral Operation 07,CAR,Cordillera Administrative Region,Nickel ore,117024.3,24418.3,1134.7,97288.3,MGB Form 29-18 Quarterly Energy Consumption Report,DENR-MGB,SYNTHETIC_DEMO
EC-2024Q3-008,2024,3,MGB-FAC-008,Synthetic Mineral Operation 08,MIMAROPA,MIMAROPA Region,Gold ore,42827.6,17162.7,0,2193633.3,MGB Form 29-18 Quarterly Energy Consumption Report,DENR-MGB,SYNTHETIC_DEMO
EC-2024Q3-009,2024,3,MGB-FAC-009,Synthetic Mineral Operation 09,R09,Zamboanga Peninsula,Copper concentrate,107918.2,23510.1,0,2107827.4,MGB Form 29-18 Quarterly Energy Consumption Report,DENR-MGB,SYNTHETIC_DEMO
EC-2024Q3-010,2024,3,MGB-FAC-010,Synthetic Mineral Operation 10,BARMM,Bangsamoro Autonomous Region in Muslim Mindanao,Limestone,68685.8,253.4,1395.1,317589.3,MGB Form 29-18 Quarterly Energy Consumption Report,DENR-MGB,SYNTHETIC_DEMO
EC-2024Q3-011,2024,3,MGB-FAC-011,Synthetic Mineral Operation 11,R03,Central Luzon,Silica,49975.9,13270.4,0,1043396.5,MGB Form 29-18 Quarterly Energy Consumption Report,DENR-MGB,SYNTHETIC_DEMO
EC-2024Q3-012,2024,3,MGB-FAC-012,Synthetic Mineral Operation 12,R07,Central Visayas,Chromite,106222.1,16191.2,0,723625.4,MGB Form 29-18 Quarterly Energy Consumption Report,DENR-MGB,SYNTHETIC_DEMO
EC-2024Q3-013,2024,3,MGB-FAC-013,Synthetic Mineral Operation 13,R12,SOCCSKSARGEN,Aggregates,121091.6,6384.4,0,403531,MGB Form 29-18 Quarterly Energy Consumption Report,DENR-MGB,SYNTHETIC_DEMO
EC-2024Q3-014,2024,3,MGB-FAC-014,Synthetic Mineral Operation 14,R01,Ilocos Region,Nickel ore,76758.1,1576.9,1323.8,707987.8,MGB Form 29-18 Quarterly Energy Consumption Report,DENR-MGB,SYNTHETIC_DEMO
EC-2024Q3-015,2024,3,MGB-FAC-015,Synthetic Mineral Operation 15,R05,Bicol Region,Gold ore,155884.7,12968.9,0,2571598.4,MGB Form 29-18 Quarterly Energy Consumption Report,DENR-MGB,SYNTHETIC_DEMO
EC-2024Q3-016,2024,3,MGB-FAC-016,Synthetic Mineral Operation 16,R10,Northern Mindanao,Copper concentrate,45328.7,19226.4,0,469461.1,MGB Form 29-18 Quarterly Energy Consumption Report,DENR-MGB,SYNTHETIC_DEMO
EC-2024Q3-017,2024,3,MGB-FAC-017,Synthetic Mineral Operation 17,NCR,National Capital Region,Limestone,15713.7,18516.7,1485.3,1979037.4,MGB Form 29-18 Quarterly Energy Consumption Report,DENR-MGB,SYNTHETIC_DEMO
EC-2024Q3-018,2024,3,MGB-FAC-018,Synthetic Mineral Operation 18,R04A,CALABARZON,Silica,188051.2,19552.6,0,199338.6,MGB Form 29-18 Quarterly Energy Consumption Report,DENR-MGB,SYNTHETIC_DEMO
EC-2024Q3-019,2024,3,MGB-FAC-019,Synthetic Mineral Operation 19,R08,Eastern Visayas,Chromite,49739.7,1769,0,992574.7,MGB Form 29-18 Quarterly Energy Consumption Report,DENR-MGB,SYNTHETIC_DEMO
EC-2024Q3-020,2024,3,MGB-FAC-020,Synthetic Mineral Operation 20,R13,Caraga,Aggregates,34191.6,6050.8,0,440823.3,MGB Form 29-18 Quarterly Energy Consumption Report,DENR-MGB,SYNTHETIC_DEMO
EC-2024Q3-021,2024,3,MGB-FAC-021,Synthetic Mineral Operation 21,R02,Cagayan Valley,Nickel ore,140009.8,11772.8,517.3,189626.4,MGB Form 29-18 Quarterly Energy Consumption Report,DENR-MGB,SYNTHETIC_DEMO
EC-2024Q3-022,2024,3,MGB-FAC-022,Synthetic Mineral Operation 22,R06,Western Visayas,Gold ore,115088.2,6054.7,0,1144794.2,MGB Form 29-18 Quarterly Energy Consumption Report,DENR-MGB,SYNTHETIC_DEMO
EC-2024Q3-023,2024,3,MGB-FAC-023,Synthetic Mineral Operation 23,R11,Davao Region,Copper concentrate,136701.1,20434.9,0,677197.8,MGB Form 29-18 Quarterly Energy Consumption Report,DENR-MGB,SYNTHETIC_DEMO
EC-2024Q3-024,2024,3,MGB-FAC-024,Synthetic Mineral Operation 24,CAR,Cordillera Administrative Region,Limestone,147115.8,6592.6,212.9,1227658.8,MGB Form 29-18 Quarterly Energy Consumption Report,DENR-MGB,SYNTHETIC_DEMO
EC-2024Q3-025,2024,3,MGB-FAC-025,Synthetic Mineral Operation 25,MIMAROPA,MIMAROPA Region,Silica,115067,9245.3,0,337019.9,MGB Form 29-18 Quarterly Energy Consumption Report,DENR-MGB,SYNTHETIC_DEMO
EC-2024Q3-026,2024,3,MGB-FAC-026,Synthetic Mineral Operation 26,R09,Zamboanga Peninsula,Chromite,149164,6915,0,2577180.5,MGB Form 29-18 Quarterly Energy Consumption Report,DENR-MGB,SYNTHETIC_DEMO
EC-2024Q3-027,2024,3,MGB-FAC-027,Synthetic Mineral Operation 27,BARMM,Bangsamoro Autonomous Region in Muslim Mindanao,Aggregates,108592,14930.6,0,1480167.8,MGB Form 29-18 Quarterly Energy Consumption Report,DENR-MGB,SYNTHETIC_DEMO
EC-2024Q3-028,2024,3,MGB-FAC-028,Synthetic Mineral Operation 28,R03,Central Luzon,Nickel ore,71544.2,4680,1130.9,1086533.3,MGB Form 29-18 Quarterly Energy Consumption Report,DENR-MGB,SYNTHETIC_DEMO
EC-2024Q3-029,2024,3,MGB-FAC-029,Synthetic Mineral Operation 29,R07,Central Visayas,Gold ore,129599.4,4285.3,0,209849.3,MGB Form 29-18 Quarterly Energy Consumption Report,DENR-MGB,SYNTHETIC_DEMO
EC-2024Q3-030,2024,3,MGB-FAC-030,Synthetic Mineral Operation 30,R12,SOCCSKSARGEN,Copper concentrate,179304.6,15620.5,0,2453234,MGB Form 29-18 Quarterly Energy Consumption Report,DENR-MGB,SYNTHETIC_DEMO
EC-2024Q3-031,2024,3,MGB-FAC-031,Synthetic Mineral Operation 31,R01,Ilocos Region,Limestone,84343,17646.7,458.2,1433889.2,MGB Form 29-18 Quarterly Energy Consumption Report,DENR-MGB,SYNTHETIC_DEMO
EC-2024Q3-032,2024,3,MGB-FAC-032,Synthetic Mineral Operation 32,R05,Bicol Region,Silica,188197.6,4221,0,1248250.8,MGB Form 29-18 Quarterly Energy Consumption Report,DENR-MGB,SYNTHETIC_DEMO
EC-2024Q3-033,2024,3,MGB-FAC-033,Synthetic Mineral Operation 33,R10,Northern Mindanao,Chromite,124826.7,3423.9,0,2178455.5,MGB Form 29-18 Quarterly Energy Consumption Report,DENR-MGB,SYNTHETIC_DEMO
EC-2024Q3-034,2024,3,MGB-FAC-034,Synthetic Mineral Operation 34,NCR,National Capital Region,Aggregates,126316.5,6794.4,0,1690645.6,MGB Form 29-18 Quarterly Energy Consumption Report,DENR-MGB,SYNTHETIC_DEMO
EC-2024Q3-035,2024,3,MGB-FAC-035,Synthetic Mineral Operation 35,R04A,CALABARZON,Nickel ore,139475.2,19858.2,1570.8,2120321.6,MGB Form 29-18 Quarterly Energy Consumption Report,DENR-MGB,SYNTHETIC_DEMO
EC-2024Q3-036,2024,3,MGB-FAC-036,Synthetic Mineral Operation 36,R08,Eastern Visayas,Gold ore,186017.9,7376.8,0,2332990.3,MGB Form 29-18 Quarterly Energy Consumption Report,DENR-MGB,SYNTHETIC_DEMO
EC-2024Q4-001,2024,4,MGB-FAC-001,Synthetic Mineral Operation 01,R04A,CALABARZON,Gold ore,28975.2,14789.4,0,2131307.9,MGB Form 29-18 Quarterly Energy Consumption Report,DENR-MGB,SYNTHETIC_DEMO
EC-2024Q4-002,2024,4,MGB-FAC-002,Synthetic Mineral Operation 02,R08,Eastern Visayas,Copper concentrate,177118.2,4089.4,0,1754295.5,MGB Form 29-18 Quarterly Energy Consumption Report,DENR-MGB,SYNTHETIC_DEMO
EC-2024Q4-003,2024,4,MGB-FAC-003,Synthetic Mineral Operation 03,R13,Caraga,Limestone,147600.2,23641,86.6,2405136.3,MGB Form 29-18 Quarterly Energy Consumption Report,DENR-MGB,SYNTHETIC_DEMO
EC-2024Q4-004,2024,4,MGB-FAC-004,Synthetic Mineral Operation 04,R02,Cagayan Valley,Silica,177341.6,18485.8,0,2047944.9,MGB Form 29-18 Quarterly Energy Consumption Report,DENR-MGB,SYNTHETIC_DEMO
EC-2024Q4-005,2024,4,MGB-FAC-005,Synthetic Mineral Operation 05,R06,Western Visayas,Chromite,56256.3,15564,0,1641339.1,MGB Form 29-18 Quarterly Energy Consumption Report,DENR-MGB,SYNTHETIC_DEMO
EC-2024Q4-006,2024,4,MGB-FAC-006,Synthetic Mineral Operation 06,R11,Davao Region,Aggregates,85287.8,24362.2,0,250322.6,MGB Form 29-18 Quarterly Energy Consumption Report,DENR-MGB,SYNTHETIC_DEMO
EC-2024Q4-007,2024,4,MGB-FAC-007,Synthetic Mineral Operation 07,CAR,Cordillera Administrative Region,Nickel ore,120763.7,5131.8,1446,1617541.6,MGB Form 29-18 Quarterly Energy Consumption Report,DENR-MGB,SYNTHETIC_DEMO
EC-2024Q4-008,2024,4,MGB-FAC-008,Synthetic Mineral Operation 08,MIMAROPA,MIMAROPA Region,Gold ore,174853.1,6033.2,0,2063977.7,MGB Form 29-18 Quarterly Energy Consumption Report,DENR-MGB,SYNTHETIC_DEMO
EC-2024Q4-009,2024,4,MGB-FAC-009,Synthetic Mineral Operation 09,R09,Zamboanga Peninsula,Copper concentrate,82609.9,20572.1,0,780047.5,MGB Form 29-18 Quarterly Energy Consumption Report,DENR-MGB,SYNTHETIC_DEMO
EC-2024Q4-010,2024,4,MGB-FAC-010,Synthetic Mineral Operation 10,BARMM,Bangsamoro Autonomous Region in Muslim Mindanao,Limestone,121771.6,1552.3,2071.6,1900995.9,MGB Form 29-18 Quarterly Energy Consumption Report,DENR-MGB,SYNTHETIC_DEMO
EC-2024Q4-011,2024,4,MGB-FAC-011,Synthetic Mineral Operation 11,R03,Central Luzon,Silica,23409.5,10279.8,0,2291121.2,MGB Form 29-18 Quarterly Energy Consumption Report,DENR-MGB,SYNTHETIC_DEMO
EC-2024Q4-012,2024,4,MGB-FAC-012,Synthetic Mineral Operation 12,R07,Central Visayas,Chromite,64032.9,22226.6,0,2377838.1,MGB Form 29-18 Quarterly Energy Consumption Report,DENR-MGB,SYNTHETIC_DEMO
EC-2024Q4-013,2024,4,MGB-FAC-013,Synthetic Mineral Operation 13,R12,SOCCSKSARGEN,Aggregates,79971.3,20741.2,0,927531.9,MGB Form 29-18 Quarterly Energy Consumption Report,DENR-MGB,SYNTHETIC_DEMO
EC-2024Q4-014,2024,4,MGB-FAC-014,Synthetic Mineral Operation 14,R01,Ilocos Region,Nickel ore,32825.3,9565.9,933.8,1162265.7,MGB Form 29-18 Quarterly Energy Consumption Report,DENR-MGB,SYNTHETIC_DEMO
EC-2024Q4-015,2024,4,MGB-FAC-015,Synthetic Mineral Operation 15,R05,Bicol Region,Gold ore,139126,2530.9,0,263411.5,MGB Form 29-18 Quarterly Energy Consumption Report,DENR-MGB,SYNTHETIC_DEMO
EC-2024Q4-016,2024,4,MGB-FAC-016,Synthetic Mineral Operation 16,R10,Northern Mindanao,Copper concentrate,112906.8,11766.3,0,1926908.7,MGB Form 29-18 Quarterly Energy Consumption Report,DENR-MGB,SYNTHETIC_DEMO
EC-2024Q4-017,2024,4,MGB-FAC-017,Synthetic Mineral Operation 17,NCR,National Capital Region,Limestone,80357.5,7756.6,2352.9,1552850.1,MGB Form 29-18 Quarterly Energy Consumption Report,DENR-MGB,SYNTHETIC_DEMO
EC-2024Q4-018,2024,4,MGB-FAC-018,Synthetic Mineral Operation 18,R04A,CALABARZON,Silica,99810,5230.4,0,1282922.7,MGB Form 29-18 Quarterly Energy Consumption Report,DENR-MGB,SYNTHETIC_DEMO
EC-2024Q4-019,2024,4,MGB-FAC-019,Synthetic Mineral Operation 19,R08,Eastern Visayas,Chromite,163762.8,6702.4,0,2089700.6,MGB Form 29-18 Quarterly Energy Consumption Report,DENR-MGB,SYNTHETIC_DEMO
EC-2024Q4-020,2024,4,MGB-FAC-020,Synthetic Mineral Operation 20,R13,Caraga,Aggregates,106568.8,17360,0,2205965.9,MGB Form 29-18 Quarterly Energy Consumption Report,DENR-MGB,SYNTHETIC_DEMO
EC-2024Q4-021,2024,4,MGB-FAC-021,Synthetic Mineral Operation 21,R02,Cagayan Valley,Nickel ore,180613.4,328.7,2021.1,2534166.5,MGB Form 29-18 Quarterly Energy Consumption Report,DENR-MGB,SYNTHETIC_DEMO
EC-2024Q4-022,2024,4,MGB-FAC-022,Synthetic Mineral Operation 22,R06,Western Visayas,Gold ore,12530.5,22081.7,0,2499665.7,MGB Form 29-18 Quarterly Energy Consumption Report,DENR-MGB,SYNTHETIC_DEMO
EC-2024Q4-023,2024,4,MGB-FAC-023,Synthetic Mineral Operation 23,R11,Davao Region,Copper concentrate,50269,686.5,0,527557.7,MGB Form 29-18 Quarterly Energy Consumption Report,DENR-MGB,SYNTHETIC_DEMO
EC-2024Q4-024,2024,4,MGB-FAC-024,Synthetic Mineral Operation 24,CAR,Cordillera Administrative Region,Limestone,46094.1,14421.3,101.5,2313366.9,MGB Form 29-18 Quarterly Energy Consumption Report,DENR-MGB,SYNTHETIC_DEMO
EC-2024Q4-025,2024,4,MGB-FAC-025,Synthetic Mineral Operation 25,MIMAROPA,MIMAROPA Region,Silica,160322.4,20993.5,0,404120.1,MGB Form 29-18 Quarterly Energy Consumption Report,DENR-MGB,SYNTHETIC_DEMO
EC-2024Q4-026,2024,4,MGB-FAC-026,Synthetic Mineral Operation 26,R09,Zamboanga Peninsula,Chromite,117734.1,4351.7,0,275773.9,MGB Form 29-18 Quarterly Energy Consumption Report,DENR-MGB,SYNTHETIC_DEMO
EC-2024Q4-027,2024,4,MGB-FAC-027,Synthetic Mineral Operation 27,BARMM,Bangsamoro Autonomous Region in Muslim Mindanao,Aggregates,188388.5,24340.7,0,246902.3,MGB Form 29-18 Quarterly Energy Consumption Report,DENR-MGB,SYNTHETIC_DEMO
EC-2024Q4-028,2024,4,MGB-FAC-028,Synthetic Mineral Operation 28,R03,Central Luzon,Nickel ore,188503,18993.7,2058.4,60836.3,MGB Form 29-18 Quarterly Energy Consumption Report,DENR-MGB,SYNTHETIC_DEMO
EC-2024Q4-029,2024,4,MGB-FAC-029,Synthetic Mineral Operation 29,R07,Central Visayas,Gold ore,69399.4,20537.5,0,650633.7,MGB Form 29-18 Quarterly Energy Consumption Report,DENR-MGB,SYNTHETIC_DEMO
EC-2024Q4-030,2024,4,MGB-FAC-030,Synthetic Mineral Operation 30,R12,SOCCSKSARGEN,Copper concentrate,18452,15603.6,0,2109431,MGB Form 29-18 Quarterly Energy Consumption Report,DENR-MGB,SYNTHETIC_DEMO
EC-2024Q4-031,2024,4,MGB-FAC-031,Synthetic Mineral Operation 31,R01,Ilocos Region,Limestone,130267.1,23431.2,1417.4,894976.4,MGB Form 29-18 Quarterly Energy Consumption Report,DENR-MGB,SYNTHETIC_DEMO
EC-2024Q4-032,2024,4,MGB-FAC-032,Synthetic Mineral Operation 32,R05,Bicol Region,Silica,161321.3,1490.8,0,2104663.1,MGB Form 29-18 Quarterly Energy Consumption Report,DENR-MGB,SYNTHETIC_DEMO
EC-2024Q4-033,2024,4,MGB-FAC-033,Synthetic Mineral Operation 33,R10,Northern Mindanao,Chromite,186747.8,9131.5,0,461889.9,MGB Form 29-18 Quarterly Energy Consumption Report,DENR-MGB,SYNTHETIC_DEMO
EC-2024Q4-034,2024,4,MGB-FAC-034,Synthetic Mineral Operation 34,NCR,National Capital Region,Aggregates,29809.9,6073.7,0,462672.5,MGB Form 29-18 Quarterly Energy Consumption Report,DENR-MGB,SYNTHETIC_DEMO
EC-2024Q4-035,2024,4,MGB-FAC-035,Synthetic Mineral Operation 35,R04A,CALABARZON,Nickel ore,49777.7,17567,1953.7,927892.2,MGB Form 29-18 Quarterly Energy Consumption Report,DENR-MGB,SYNTHETIC_DEMO
EC-2024Q4-036,2024,4,MGB-FAC-036,Synthetic Mineral Operation 36,R08,Eastern Visayas,Gold ore,176663,10813.3,0,1809945.8,MGB Form 29-18 Quarterly Energy Consumption Report,DENR-MGB,SYNTHETIC_DEMO
EC-2025Q1-001,2025,1,MGB-FAC-001,Synthetic Mineral Operation 01,R04A,CALABARZON,Gold ore,32528.8,24259.5,0,1219969.2,MGB Form 29-18 Quarterly Energy Consumption Report,DENR-MGB,SYNTHETIC_DEMO
EC-2025Q1-002,2025,1,MGB-FAC-002,Synthetic Mineral Operation 02,R08,Eastern Visayas,Copper concentrate,14453.8,14985.4,0,725178.9,MGB Form 29-18 Quarterly Energy Consumption Report,DENR-MGB,SYNTHETIC_DEMO
EC-2025Q1-003,2025,1,MGB-FAC-003,Synthetic Mineral Operation 03,R13,Caraga,Limestone,159078.5,1143.5,2126.5,650965.1,MGB Form 29-18 Quarterly Energy Consumption Report,DENR-MGB,SYNTHETIC_DEMO
EC-2025Q1-004,2025,1,MGB-FAC-004,Synthetic Mineral Operation 04,R02,Cagayan Valley,Silica,7963.8,11534.1,0,1785717.4,MGB Form 29-18 Quarterly Energy Consumption Report,DENR-MGB,SYNTHETIC_DEMO
EC-2025Q1-005,2025,1,MGB-FAC-005,Synthetic Mineral Operation 05,R06,Western Visayas,Chromite,22748.2,15066,0,2165998.7,MGB Form 29-18 Quarterly Energy Consumption Report,DENR-MGB,SYNTHETIC_DEMO
EC-2025Q1-006,2025,1,MGB-FAC-006,Synthetic Mineral Operation 06,R11,Davao Region,Aggregates,162040.9,24310.6,0,1510789.2,MGB Form 29-18 Quarterly Energy Consumption Report,DENR-MGB,SYNTHETIC_DEMO
EC-2025Q1-007,2025,1,MGB-FAC-007,Synthetic Mineral Operation 07,CAR,Cordillera Administrative Region,Nickel ore,109368.8,21708.5,940.1,2103406.3,MGB Form 29-18 Quarterly Energy Consumption Report,DENR-MGB,SYNTHETIC_DEMO
EC-2025Q1-008,2025,1,MGB-FAC-008,Synthetic Mineral Operation 08,MIMAROPA,MIMAROPA Region,Gold ore,7892.7,19794.9,0,172279,MGB Form 29-18 Quarterly Energy Consumption Report,DENR-MGB,SYNTHETIC_DEMO
EC-2025Q1-009,2025,1,MGB-FAC-009,Synthetic Mineral Operation 09,R09,Zamboanga Peninsula,Copper concentrate,186757.6,10435.5,0,1558560.6,MGB Form 29-18 Quarterly Energy Consumption Report,DENR-MGB,SYNTHETIC_DEMO
EC-2025Q1-010,2025,1,MGB-FAC-010,Synthetic Mineral Operation 10,BARMM,Bangsamoro Autonomous Region in Muslim Mindanao,Limestone,169464.7,21538.6,301.3,356755.7,MGB Form 29-18 Quarterly Energy Consumption Report,DENR-MGB,SYNTHETIC_DEMO
EC-2025Q1-011,2025,1,MGB-FAC-011,Synthetic Mineral Operation 11,R03,Central Luzon,Silica,182401.4,18650.7,0,1688437.6,MGB Form 29-18 Quarterly Energy Consumption Report,DENR-MGB,SYNTHETIC_DEMO
EC-2025Q1-012,2025,1,MGB-FAC-012,Synthetic Mineral Operation 12,R07,Central Visayas,Chromite,62421.5,10487.5,0,548187.3,MGB Form 29-18 Quarterly Energy Consumption Report,DENR-MGB,SYNTHETIC_DEMO
EC-2025Q1-013,2025,1,MGB-FAC-013,Synthetic Mineral Operation 13,R12,SOCCSKSARGEN,Aggregates,122379.2,6873.9,0,890793.8,MGB Form 29-18 Quarterly Energy Consumption Report,DENR-MGB,SYNTHETIC_DEMO
EC-2025Q1-014,2025,1,MGB-FAC-014,Synthetic Mineral Operation 14,R01,Ilocos Region,Nickel ore,32561.8,5369.2,1894.4,2529960,MGB Form 29-18 Quarterly Energy Consumption Report,DENR-MGB,SYNTHETIC_DEMO
EC-2025Q1-015,2025,1,MGB-FAC-015,Synthetic Mineral Operation 15,R05,Bicol Region,Gold ore,123770.5,5101.8,0,1954859.5,MGB Form 29-18 Quarterly Energy Consumption Report,DENR-MGB,SYNTHETIC_DEMO
EC-2025Q1-016,2025,1,MGB-FAC-016,Synthetic Mineral Operation 16,R10,Northern Mindanao,Copper concentrate,77403,14281.2,0,96019,MGB Form 29-18 Quarterly Energy Consumption Report,DENR-MGB,SYNTHETIC_DEMO
EC-2025Q1-017,2025,1,MGB-FAC-017,Synthetic Mineral Operation 17,NCR,National Capital Region,Limestone,80529,16247.9,214.1,671338.9,MGB Form 29-18 Quarterly Energy Consumption Report,DENR-MGB,SYNTHETIC_DEMO
EC-2025Q1-018,2025,1,MGB-FAC-018,Synthetic Mineral Operation 18,R04A,CALABARZON,Silica,21777.2,24484.9,0,1979603.2,MGB Form 29-18 Quarterly Energy Consumption Report,DENR-MGB,SYNTHETIC_DEMO
EC-2025Q1-019,2025,1,MGB-FAC-019,Synthetic Mineral Operation 19,R08,Eastern Visayas,Chromite,101480.9,3650.7,0,1916779.4,MGB Form 29-18 Quarterly Energy Consumption Report,DENR-MGB,SYNTHETIC_DEMO
EC-2025Q1-020,2025,1,MGB-FAC-020,Synthetic Mineral Operation 20,R13,Caraga,Aggregates,28385.1,21562.6,0,1668804.2,MGB Form 29-18 Quarterly Energy Consumption Report,DENR-MGB,SYNTHETIC_DEMO
EC-2025Q1-021,2025,1,MGB-FAC-021,Synthetic Mineral Operation 21,R02,Cagayan Valley,Nickel ore,118167.6,24323,1581.2,935434.4,MGB Form 29-18 Quarterly Energy Consumption Report,DENR-MGB,SYNTHETIC_DEMO
EC-2025Q1-022,2025,1,MGB-FAC-022,Synthetic Mineral Operation 22,R06,Western Visayas,Gold ore,153551.3,5216.8,0,1342397.8,MGB Form 29-18 Quarterly Energy Consumption Report,DENR-MGB,SYNTHETIC_DEMO
EC-2025Q1-023,2025,1,MGB-FAC-023,Synthetic Mineral Operation 23,R11,Davao Region,Copper concentrate,185570.5,5225.2,0,1273751.6,MGB Form 29-18 Quarterly Energy Consumption Report,DENR-MGB,SYNTHETIC_DEMO
EC-2025Q1-024,2025,1,MGB-FAC-024,Synthetic Mineral Operation 24,CAR,Cordillera Administrative Region,Limestone,30640.4,18078.3,94.3,733245,MGB Form 29-18 Quarterly Energy Consumption Report,DENR-MGB,SYNTHETIC_DEMO
EC-2025Q1-025,2025,1,MGB-FAC-025,Synthetic Mineral Operation 25,MIMAROPA,MIMAROPA Region,Silica,101767.5,2343.9,0,583876.6,MGB Form 29-18 Quarterly Energy Consumption Report,DENR-MGB,SYNTHETIC_DEMO
EC-2025Q1-026,2025,1,MGB-FAC-026,Synthetic Mineral Operation 26,R09,Zamboanga Peninsula,Chromite,49985.4,11857.1,0,2504572.3,MGB Form 29-18 Quarterly Energy Consumption Report,DENR-MGB,SYNTHETIC_DEMO
EC-2025Q1-027,2025,1,MGB-FAC-027,Synthetic Mineral Operation 27,BARMM,Bangsamoro Autonomous Region in Muslim Mindanao,Aggregates,170388.7,6980,0,125390.8,MGB Form 29-18 Quarterly Energy Consumption Report,DENR-MGB,SYNTHETIC_DEMO
EC-2025Q1-028,2025,1,MGB-FAC-028,Synthetic Mineral Operation 28,R03,Central Luzon,Nickel ore,25245.8,6711.7,61.5,192403.1,MGB Form 29-18 Quarterly Energy Consumption Report,DENR-MGB,SYNTHETIC_DEMO
EC-2025Q1-029,2025,1,MGB-FAC-029,Synthetic Mineral Operation 29,R07,Central Visayas,Gold ore,179257.1,11481.4,0,2275322.5,MGB Form 29-18 Quarterly Energy Consumption Report,DENR-MGB,SYNTHETIC_DEMO
EC-2025Q1-030,2025,1,MGB-FAC-030,Synthetic Mineral Operation 30,R12,SOCCSKSARGEN,Copper concentrate,134888.9,15746.4,0,2120918.6,MGB Form 29-18 Quarterly Energy Consumption Report,DENR-MGB,SYNTHETIC_DEMO
EC-2025Q1-031,2025,1,MGB-FAC-031,Synthetic Mineral Operation 31,R01,Ilocos Region,Limestone,120952.6,1936.4,519.9,1880323.9,MGB Form 29-18 Quarterly Energy Consumption Report,DENR-MGB,SYNTHETIC_DEMO
EC-2025Q1-032,2025,1,MGB-FAC-032,Synthetic Mineral Operation 32,R05,Bicol Region,Silica,41305.4,5236.7,0,1251498.4,MGB Form 29-18 Quarterly Energy Consumption Report,DENR-MGB,SYNTHETIC_DEMO
EC-2025Q1-033,2025,1,MGB-FAC-033,Synthetic Mineral Operation 33,R10,Northern Mindanao,Chromite,53401.2,13946.2,0,129323.4,MGB Form 29-18 Quarterly Energy Consumption Report,DENR-MGB,SYNTHETIC_DEMO
EC-2025Q1-034,2025,1,MGB-FAC-034,Synthetic Mineral Operation 34,NCR,National Capital Region,Aggregates,175589.8,2794.7,0,501442.6,MGB Form 29-18 Quarterly Energy Consumption Report,DENR-MGB,SYNTHETIC_DEMO
EC-2025Q1-035,2025,1,MGB-FAC-035,Synthetic Mineral Operation 35,R04A,CALABARZON,Nickel ore,140542.7,3091.4,0.2,1324300.2,MGB Form 29-18 Quarterly Energy Consumption Report,DENR-MGB,SYNTHETIC_DEMO
EC-2025Q1-036,2025,1,MGB-FAC-036,Synthetic Mineral Operation 36,R08,Eastern Visayas,Gold ore,68695.6,12294.3,0,94516.6,MGB Form 29-18 Quarterly Energy Consumption Report,DENR-MGB,SYNTHETIC_DEMO
EC-2025Q2-001,2025,2,MGB-FAC-001,Synthetic Mineral Operation 01,R04A,CALABARZON,Gold ore,102567,10727.6,0,1556700.2,MGB Form 29-18 Quarterly Energy Consumption Report,DENR-MGB,SYNTHETIC_DEMO
EC-2025Q2-002,2025,2,MGB-FAC-002,Synthetic Mineral Operation 02,R08,Eastern Visayas,Copper concentrate,67003.3,3715.6,0,1165363.6,MGB Form 29-18 Quarterly Energy Consumption Report,DENR-MGB,SYNTHETIC_DEMO
EC-2025Q2-003,2025,2,MGB-FAC-003,Synthetic Mineral Operation 03,R13,Caraga,Limestone,117506.7,767,1201.9,2491475.4,MGB Form 29-18 Quarterly Energy Consumption Report,DENR-MGB,SYNTHETIC_DEMO
EC-2025Q2-004,2025,2,MGB-FAC-004,Synthetic Mineral Operation 04,R02,Cagayan Valley,Silica,62805.8,5575.8,0,605805.6,MGB Form 29-18 Quarterly Energy Consumption Report,DENR-MGB,SYNTHETIC_DEMO
EC-2025Q2-005,2025,2,MGB-FAC-005,Synthetic Mineral Operation 05,R06,Western Visayas,Chromite,89228.2,11224.7,0,1289102.5,MGB Form 29-18 Quarterly Energy Consumption Report,DENR-MGB,SYNTHETIC_DEMO
EC-2025Q2-006,2025,2,MGB-FAC-006,Synthetic Mineral Operation 06,R11,Davao Region,Aggregates,164046.3,5717,0,1405587.6,MGB Form 29-18 Quarterly Energy Consumption Report,DENR-MGB,SYNTHETIC_DEMO
EC-2025Q2-007,2025,2,MGB-FAC-007,Synthetic Mineral Operation 07,CAR,Cordillera Administrative Region,Nickel ore,170677.1,11190.8,1131,1312504.8,MGB Form 29-18 Quarterly Energy Consumption Report,DENR-MGB,SYNTHETIC_DEMO
EC-2025Q2-008,2025,2,MGB-FAC-008,Synthetic Mineral Operation 08,MIMAROPA,MIMAROPA Region,Gold ore,172299.6,24616.1,0,548769,MGB Form 29-18 Quarterly Energy Consumption Report,DENR-MGB,SYNTHETIC_DEMO
EC-2025Q2-009,2025,2,MGB-FAC-009,Synthetic Mineral Operation 09,R09,Zamboanga Peninsula,Copper concentrate,163122.1,23253.6,0,1204438.7,MGB Form 29-18 Quarterly Energy Consumption Report,DENR-MGB,SYNTHETIC_DEMO
EC-2025Q2-010,2025,2,MGB-FAC-010,Synthetic Mineral Operation 10,BARMM,Bangsamoro Autonomous Region in Muslim Mindanao,Limestone,3675.1,8026.2,1613.8,96404.3,MGB Form 29-18 Quarterly Energy Consumption Report,DENR-MGB,SYNTHETIC_DEMO
EC-2025Q2-011,2025,2,MGB-FAC-011,Synthetic Mineral Operation 11,R03,Central Luzon,Silica,80380.4,15297.5,0,2476258.8,MGB Form 29-18 Quarterly Energy Consumption Report,DENR-MGB,SYNTHETIC_DEMO
EC-2025Q2-012,2025,2,MGB-FAC-012,Synthetic Mineral Operation 12,R07,Central Visayas,Chromite,99150.9,11263.6,0,1886312.3,MGB Form 29-18 Quarterly Energy Consumption Report,DENR-MGB,SYNTHETIC_DEMO
EC-2025Q2-013,2025,2,MGB-FAC-013,Synthetic Mineral Operation 13,R12,SOCCSKSARGEN,Aggregates,26310.1,18392.4,0,2407965.8,MGB Form 29-18 Quarterly Energy Consumption Report,DENR-MGB,SYNTHETIC_DEMO
EC-2025Q2-014,2025,2,MGB-FAC-014,Synthetic Mineral Operation 14,R01,Ilocos Region,Nickel ore,146789.8,4818.7,1658.4,1261838.7,MGB Form 29-18 Quarterly Energy Consumption Report,DENR-MGB,SYNTHETIC_DEMO
EC-2025Q2-015,2025,2,MGB-FAC-015,Synthetic Mineral Operation 15,R05,Bicol Region,Gold ore,174033.5,1900.5,0,1024684.2,MGB Form 29-18 Quarterly Energy Consumption Report,DENR-MGB,SYNTHETIC_DEMO
EC-2025Q2-016,2025,2,MGB-FAC-016,Synthetic Mineral Operation 16,R10,Northern Mindanao,Copper concentrate,178880.1,16404.5,0,1605505.7,MGB Form 29-18 Quarterly Energy Consumption Report,DENR-MGB,SYNTHETIC_DEMO
EC-2025Q2-017,2025,2,MGB-FAC-017,Synthetic Mineral Operation 17,NCR,National Capital Region,Limestone,87344,9922.7,1491.4,2536721.2,MGB Form 29-18 Quarterly Energy Consumption Report,DENR-MGB,SYNTHETIC_DEMO
EC-2025Q2-018,2025,2,MGB-FAC-018,Synthetic Mineral Operation 18,R04A,CALABARZON,Silica,99683.9,17870.7,0,1532436.4,MGB Form 29-18 Quarterly Energy Consumption Report,DENR-MGB,SYNTHETIC_DEMO
EC-2025Q2-019,2025,2,MGB-FAC-019,Synthetic Mineral Operation 19,R08,Eastern Visayas,Chromite,9128,17114.2,0,905482.9,MGB Form 29-18 Quarterly Energy Consumption Report,DENR-MGB,SYNTHETIC_DEMO
EC-2025Q2-020,2025,2,MGB-FAC-020,Synthetic Mineral Operation 20,R13,Caraga,Aggregates,114373.9,12014.7,0,674750.9,MGB Form 29-18 Quarterly Energy Consumption Report,DENR-MGB,SYNTHETIC_DEMO
EC-2025Q2-021,2025,2,MGB-FAC-021,Synthetic Mineral Operation 21,R02,Cagayan Valley,Nickel ore,73524.2,21781.8,1530.2,2496523,MGB Form 29-18 Quarterly Energy Consumption Report,DENR-MGB,SYNTHETIC_DEMO
EC-2025Q2-022,2025,2,MGB-FAC-022,Synthetic Mineral Operation 22,R06,Western Visayas,Gold ore,10399.2,9335.7,0,1442331.8,MGB Form 29-18 Quarterly Energy Consumption Report,DENR-MGB,SYNTHETIC_DEMO
EC-2025Q2-023,2025,2,MGB-FAC-023,Synthetic Mineral Operation 23,R11,Davao Region,Copper concentrate,162511.6,9658.1,0,2354386.2,MGB Form 29-18 Quarterly Energy Consumption Report,DENR-MGB,SYNTHETIC_DEMO
EC-2025Q2-024,2025,2,MGB-FAC-024,Synthetic Mineral Operation 24,CAR,Cordillera Administrative Region,Limestone,20047.9,4025,23.1,1407912.5,MGB Form 29-18 Quarterly Energy Consumption Report,DENR-MGB,SYNTHETIC_DEMO
EC-2025Q2-025,2025,2,MGB-FAC-025,Synthetic Mineral Operation 25,MIMAROPA,MIMAROPA Region,Silica,51949.8,16220.3,0,451497.5,MGB Form 29-18 Quarterly Energy Consumption Report,DENR-MGB,SYNTHETIC_DEMO
EC-2025Q2-026,2025,2,MGB-FAC-026,Synthetic Mineral Operation 26,R09,Zamboanga Peninsula,Chromite,16428.2,12765.6,0,1204581.1,MGB Form 29-18 Quarterly Energy Consumption Report,DENR-MGB,SYNTHETIC_DEMO
EC-2025Q2-027,2025,2,MGB-FAC-027,Synthetic Mineral Operation 27,BARMM,Bangsamoro Autonomous Region in Muslim Mindanao,Aggregates,69258.3,23930.8,0,1813479.5,MGB Form 29-18 Quarterly Energy Consumption Report,DENR-MGB,SYNTHETIC_DEMO
EC-2025Q2-028,2025,2,MGB-FAC-028,Synthetic Mineral Operation 28,R03,Central Luzon,Nickel ore,185310.5,854.1,1022.2,1177374.9,MGB Form 29-18 Quarterly Energy Consumption Report,DENR-MGB,SYNTHETIC_DEMO
EC-2025Q2-029,2025,2,MGB-FAC-029,Synthetic Mineral Operation 29,R07,Central Visayas,Gold ore,182780.7,2094.4,0,361638.4,MGB Form 29-18 Quarterly Energy Consumption Report,DENR-MGB,SYNTHETIC_DEMO
EC-2025Q2-030,2025,2,MGB-FAC-030,Synthetic Mineral Operation 30,R12,SOCCSKSARGEN,Copper concentrate,160349.6,20652.8,0,501222.6,MGB Form 29-18 Quarterly Energy Consumption Report,DENR-MGB,SYNTHETIC_DEMO
EC-2025Q2-031,2025,2,MGB-FAC-031,Synthetic Mineral Operation 31,R01,Ilocos Region,Limestone,178007.4,12114.1,2048,281766.4,MGB Form 29-18 Quarterly Energy Consumption Report,DENR-MGB,SYNTHETIC_DEMO
EC-2025Q2-032,2025,2,MGB-FAC-032,Synthetic Mineral Operation 32,R05,Bicol Region,Silica,154939.6,7267.9,0,1468926.4,MGB Form 29-18 Quarterly Energy Consumption Report,DENR-MGB,SYNTHETIC_DEMO
EC-2025Q2-033,2025,2,MGB-FAC-033,Synthetic Mineral Operation 33,R10,Northern Mindanao,Chromite,186876,19131.3,0,1979797.4,MGB Form 29-18 Quarterly Energy Consumption Report,DENR-MGB,SYNTHETIC_DEMO
EC-2025Q2-034,2025,2,MGB-FAC-034,Synthetic Mineral Operation 34,NCR,National Capital Region,Aggregates,187882.6,22385.1,0,2537297.2,MGB Form 29-18 Quarterly Energy Consumption Report,DENR-MGB,SYNTHETIC_DEMO
EC-2025Q2-035,2025,2,MGB-FAC-035,Synthetic Mineral Operation 35,R04A,CALABARZON,Nickel ore,147571.9,11450.8,698.5,1448471.5,MGB Form 29-18 Quarterly Energy Consumption Report,DENR-MGB,SYNTHETIC_DEMO
EC-2025Q2-036,2025,2,MGB-FAC-036,Synthetic Mineral Operation 36,R08,Eastern Visayas,Gold ore,184749.1,11494.9,0,466113.9,MGB Form 29-18 Quarterly Energy Consumption Report,DENR-MGB,SYNTHETIC_DEMO
EC-2025Q3-001,2025,3,MGB-FAC-001,Synthetic Mineral Operation 01,R04A,CALABARZON,Gold ore,81992.3,10179.9,0,1478765.1,MGB Form 29-18 Quarterly Energy Consumption Report,DENR-MGB,SYNTHETIC_DEMO
EC-2025Q3-002,2025,3,MGB-FAC-002,Synthetic Mineral Operation 02,R08,Eastern Visayas,Copper concentrate,171532,6995.2,0,1066062.8,MGB Form 29-18 Quarterly Energy Consumption Report,DENR-MGB,SYNTHETIC_DEMO
EC-2025Q3-003,2025,3,MGB-FAC-003,Synthetic Mineral Operation 03,R13,Caraga,Limestone,93353.3,10739.2,1011.6,281159,MGB Form 29-18 Quarterly Energy Consumption Report,DENR-MGB,SYNTHETIC_DEMO
EC-2025Q3-004,2025,3,MGB-FAC-004,Synthetic Mineral Operation 04,R02,Cagayan Valley,Silica,21439.2,6441.9,0,2411263.8,MGB Form 29-18 Quarterly Energy Consumption Report,DENR-MGB,SYNTHETIC_DEMO
EC-2025Q3-005,2025,3,MGB-FAC-005,Synthetic Mineral Operation 05,R06,Western Visayas,Chromite,121126,20674.9,0,564564.4,MGB Form 29-18 Quarterly Energy Consumption Report,DENR-MGB,SYNTHETIC_DEMO
EC-2025Q3-006,2025,3,MGB-FAC-006,Synthetic Mineral Operation 06,R11,Davao Region,Aggregates,9937.8,4650,0,301283.9,MGB Form 29-18 Quarterly Energy Consumption Report,DENR-MGB,SYNTHETIC_DEMO
EC-2025Q3-007,2025,3,MGB-FAC-007,Synthetic Mineral Operation 07,CAR,Cordillera Administrative Region,Nickel ore,62175.6,23103.3,2289.1,2429772.5,MGB Form 29-18 Quarterly Energy Consumption Report,DENR-MGB,SYNTHETIC_DEMO
EC-2025Q3-008,2025,3,MGB-FAC-008,Synthetic Mineral Operation 08,MIMAROPA,MIMAROPA Region,Gold ore,144664.5,7163,0,2422492.6,MGB Form 29-18 Quarterly Energy Consumption Report,DENR-MGB,SYNTHETIC_DEMO
EC-2025Q3-009,2025,3,MGB-FAC-009,Synthetic Mineral Operation 09,R09,Zamboanga Peninsula,Copper concentrate,177488.5,3362.6,0,591649.3,MGB Form 29-18 Quarterly Energy Consumption Report,DENR-MGB,SYNTHETIC_DEMO
EC-2025Q3-010,2025,3,MGB-FAC-010,Synthetic Mineral Operation 10,BARMM,Bangsamoro Autonomous Region in Muslim Mindanao,Limestone,168124.9,15357,2430.8,944364.5,MGB Form 29-18 Quarterly Energy Consumption Report,DENR-MGB,SYNTHETIC_DEMO
EC-2025Q3-011,2025,3,MGB-FAC-011,Synthetic Mineral Operation 11,R03,Central Luzon,Silica,165704.7,2598.5,0,1706242.3,MGB Form 29-18 Quarterly Energy Consumption Report,DENR-MGB,SYNTHETIC_DEMO
EC-2025Q3-012,2025,3,MGB-FAC-012,Synthetic Mineral Operation 12,R07,Central Visayas,Chromite,163608.4,24824.9,0,1128841.8,MGB Form 29-18 Quarterly Energy Consumption Report,DENR-MGB,SYNTHETIC_DEMO
EC-2025Q3-013,2025,3,MGB-FAC-013,Synthetic Mineral Operation 13,R12,SOCCSKSARGEN,Aggregates,79627,8397.8,0,2025126,MGB Form 29-18 Quarterly Energy Consumption Report,DENR-MGB,SYNTHETIC_DEMO
EC-2025Q3-014,2025,3,MGB-FAC-014,Synthetic Mineral Operation 14,R01,Ilocos Region,Nickel ore,51470.7,23501.2,2320.1,2587933.1,MGB Form 29-18 Quarterly Energy Consumption Report,DENR-MGB,SYNTHETIC_DEMO
EC-2025Q3-015,2025,3,MGB-FAC-015,Synthetic Mineral Operation 15,R05,Bicol Region,Gold ore,117265.6,7722.5,0,2081382.1,MGB Form 29-18 Quarterly Energy Consumption Report,DENR-MGB,SYNTHETIC_DEMO
EC-2025Q3-016,2025,3,MGB-FAC-016,Synthetic Mineral Operation 16,R10,Northern Mindanao,Copper concentrate,86049.1,13015.2,0,551767.9,MGB Form 29-18 Quarterly Energy Consumption Report,DENR-MGB,SYNTHETIC_DEMO
EC-2025Q3-017,2025,3,MGB-FAC-017,Synthetic Mineral Operation 17,NCR,National Capital Region,Limestone,103813.1,1835.5,2075,501730.1,MGB Form 29-18 Quarterly Energy Consumption Report,DENR-MGB,SYNTHETIC_DEMO
EC-2025Q3-018,2025,3,MGB-FAC-018,Synthetic Mineral Operation 18,R04A,CALABARZON,Silica,122990,15849,0,1393282.4,MGB Form 29-18 Quarterly Energy Consumption Report,DENR-MGB,SYNTHETIC_DEMO
EC-2025Q3-019,2025,3,MGB-FAC-019,Synthetic Mineral Operation 19,R08,Eastern Visayas,Chromite,169331.9,15981.8,0,1364234.3,MGB Form 29-18 Quarterly Energy Consumption Report,DENR-MGB,SYNTHETIC_DEMO
EC-2025Q3-020,2025,3,MGB-FAC-020,Synthetic Mineral Operation 20,R13,Caraga,Aggregates,154951.3,18131.4,0,1118436.2,MGB Form 29-18 Quarterly Energy Consumption Report,DENR-MGB,SYNTHETIC_DEMO
EC-2025Q3-021,2025,3,MGB-FAC-021,Synthetic Mineral Operation 21,R02,Cagayan Valley,Nickel ore,173748.3,8181.6,2122.6,738147.7,MGB Form 29-18 Quarterly Energy Consumption Report,DENR-MGB,SYNTHETIC_DEMO
EC-2025Q3-022,2025,3,MGB-FAC-022,Synthetic Mineral Operation 22,R06,Western Visayas,Gold ore,174524.8,22490.8,0,483348.8,MGB Form 29-18 Quarterly Energy Consumption Report,DENR-MGB,SYNTHETIC_DEMO
EC-2025Q3-023,2025,3,MGB-FAC-023,Synthetic Mineral Operation 23,R11,Davao Region,Copper concentrate,58178.7,826.1,0,848133.1,MGB Form 29-18 Quarterly Energy Consumption Report,DENR-MGB,SYNTHETIC_DEMO
EC-2025Q3-024,2025,3,MGB-FAC-024,Synthetic Mineral Operation 24,CAR,Cordillera Administrative Region,Limestone,5467.9,1562.9,1245.5,1641472.4,MGB Form 29-18 Quarterly Energy Consumption Report,DENR-MGB,SYNTHETIC_DEMO
EC-2025Q3-025,2025,3,MGB-FAC-025,Synthetic Mineral Operation 25,MIMAROPA,MIMAROPA Region,Silica,40286.9,12564.4,0,206109.9,MGB Form 29-18 Quarterly Energy Consumption Report,DENR-MGB,SYNTHETIC_DEMO
EC-2025Q3-026,2025,3,MGB-FAC-026,Synthetic Mineral Operation 26,R09,Zamboanga Peninsula,Chromite,134436.4,1027.5,0,503310.7,MGB Form 29-18 Quarterly Energy Consumption Report,DENR-MGB,SYNTHETIC_DEMO
EC-2025Q3-027,2025,3,MGB-FAC-027,Synthetic Mineral Operation 27,BARMM,Bangsamoro Autonomous Region in Muslim Mindanao,Aggregates,120462.4,7677.5,0,2075500,MGB Form 29-18 Quarterly Energy Consumption Report,DENR-MGB,SYNTHETIC_DEMO
EC-2025Q3-028,2025,3,MGB-FAC-028,Synthetic Mineral Operation 28,R03,Central Luzon,Nickel ore,146432.8,21690.9,1825,830825.1,MGB Form 29-18 Quarterly Energy Consumption Report,DENR-MGB,SYNTHETIC_DEMO
EC-2025Q3-029,2025,3,MGB-FAC-029,Synthetic Mineral Operation 29,R07,Central Visayas,Gold ore,169787.3,559.8,0,608098.6,MGB Form 29-18 Quarterly Energy Consumption Report,DENR-MGB,SYNTHETIC_DEMO
EC-2025Q3-030,2025,3,MGB-FAC-030,Synthetic Mineral Operation 30,R12,SOCCSKSARGEN,Copper concentrate,58818.7,19082.5,0,267327.2,MGB Form 29-18 Quarterly Energy Consumption Report,DENR-MGB,SYNTHETIC_DEMO
EC-2025Q3-031,2025,3,MGB-FAC-031,Synthetic Mineral Operation 31,R01,Ilocos Region,Limestone,118007,21284.2,1693.5,1840731.4,MGB Form 29-18 Quarterly Energy Consumption Report,DENR-MGB,SYNTHETIC_DEMO
EC-2025Q3-032,2025,3,MGB-FAC-032,Synthetic Mineral Operation 32,R05,Bicol Region,Silica,141056.3,8880.6,0,1772220.9,MGB Form 29-18 Quarterly Energy Consumption Report,DENR-MGB,SYNTHETIC_DEMO
EC-2025Q3-033,2025,3,MGB-FAC-033,Synthetic Mineral Operation 33,R10,Northern Mindanao,Chromite,74410,12833,0,199076.1,MGB Form 29-18 Quarterly Energy Consumption Report,DENR-MGB,SYNTHETIC_DEMO
EC-2025Q3-034,2025,3,MGB-FAC-034,Synthetic Mineral Operation 34,NCR,National Capital Region,Aggregates,47193.9,711.9,0,1768819.6,MGB Form 29-18 Quarterly Energy Consumption Report,DENR-MGB,SYNTHETIC_DEMO
EC-2025Q3-035,2025,3,MGB-FAC-035,Synthetic Mineral Operation 35,R04A,CALABARZON,Nickel ore,147676.6,18489.9,2360.7,2001136.5,MGB Form 29-18 Quarterly Energy Consumption Report,DENR-MGB,SYNTHETIC_DEMO
EC-2025Q3-036,2025,3,MGB-FAC-036,Synthetic Mineral Operation 36,R08,Eastern Visayas,Gold ore,157833.9,5726.9,0,113477.3,MGB Form 29-18 Quarterly Energy Consumption Report,DENR-MGB,SYNTHETIC_DEMO
EC-2025Q4-001,2025,4,MGB-FAC-001,Synthetic Mineral Operation 01,R04A,CALABARZON,Gold ore,57587.8,8308.3,0,123112.2,MGB Form 29-18 Quarterly Energy Consumption Report,DENR-MGB,SYNTHETIC_DEMO
EC-2025Q4-002,2025,4,MGB-FAC-002,Synthetic Mineral Operation 02,R08,Eastern Visayas,Copper concentrate,74691,14883.8,0,2226600.4,MGB Form 29-18 Quarterly Energy Consumption Report,DENR-MGB,SYNTHETIC_DEMO
EC-2025Q4-003,2025,4,MGB-FAC-003,Synthetic Mineral Operation 03,R13,Caraga,Limestone,87664.2,256.4,1055.3,1077010.9,MGB Form 29-18 Quarterly Energy Consumption Report,DENR-MGB,SYNTHETIC_DEMO
EC-2025Q4-004,2025,4,MGB-FAC-004,Synthetic Mineral Operation 04,R02,Cagayan Valley,Silica,121544,9199.8,0,1277843.5,MGB Form 29-18 Quarterly Energy Consumption Report,DENR-MGB,SYNTHETIC_DEMO
EC-2025Q4-005,2025,4,MGB-FAC-005,Synthetic Mineral Operation 05,R06,Western Visayas,Chromite,188420.9,14856.9,0,1937693.9,MGB Form 29-18 Quarterly Energy Consumption Report,DENR-MGB,SYNTHETIC_DEMO
EC-2025Q4-006,2025,4,MGB-FAC-006,Synthetic Mineral Operation 06,R11,Davao Region,Aggregates,108257.6,17703.6,0,947661.4,MGB Form 29-18 Quarterly Energy Consumption Report,DENR-MGB,SYNTHETIC_DEMO
EC-2025Q4-007,2025,4,MGB-FAC-007,Synthetic Mineral Operation 07,CAR,Cordillera Administrative Region,Nickel ore,155899.5,1144.8,2283.7,207162.6,MGB Form 29-18 Quarterly Energy Consumption Report,DENR-MGB,SYNTHETIC_DEMO
EC-2025Q4-008,2025,4,MGB-FAC-008,Synthetic Mineral Operation 08,MIMAROPA,MIMAROPA Region,Gold ore,130856.2,14152.9,0,1500285.9,MGB Form 29-18 Quarterly Energy Consumption Report,DENR-MGB,SYNTHETIC_DEMO
EC-2025Q4-009,2025,4,MGB-FAC-009,Synthetic Mineral Operation 09,R09,Zamboanga Peninsula,Copper concentrate,115803.2,17658.3,0,876467.4,MGB Form 29-18 Quarterly Energy Consumption Report,DENR-MGB,SYNTHETIC_DEMO
EC-2025Q4-010,2025,4,MGB-FAC-010,Synthetic Mineral Operation 10,BARMM,Bangsamoro Autonomous Region in Muslim Mindanao,Limestone,143882.9,3118.3,1633.4,2036012.2,MGB Form 29-18 Quarterly Energy Consumption Report,DENR-MGB,SYNTHETIC_DEMO
EC-2025Q4-011,2025,4,MGB-FAC-011,Synthetic Mineral Operation 11,R03,Central Luzon,Silica,86199.4,18396.3,0,1994889.7,MGB Form 29-18 Quarterly Energy Consumption Report,DENR-MGB,SYNTHETIC_DEMO
EC-2025Q4-012,2025,4,MGB-FAC-012,Synthetic Mineral Operation 12,R07,Central Visayas,Chromite,40262.3,24769.2,0,604708.6,MGB Form 29-18 Quarterly Energy Consumption Report,DENR-MGB,SYNTHETIC_DEMO
EC-2025Q4-013,2025,4,MGB-FAC-013,Synthetic Mineral Operation 13,R12,SOCCSKSARGEN,Aggregates,159703.8,19414.1,0,1725089.6,MGB Form 29-18 Quarterly Energy Consumption Report,DENR-MGB,SYNTHETIC_DEMO
EC-2025Q4-014,2025,4,MGB-FAC-014,Synthetic Mineral Operation 14,R01,Ilocos Region,Nickel ore,40418.3,5394.8,11.1,1018915,MGB Form 29-18 Quarterly Energy Consumption Report,DENR-MGB,SYNTHETIC_DEMO
EC-2025Q4-015,2025,4,MGB-FAC-015,Synthetic Mineral Operation 15,R05,Bicol Region,Gold ore,4314.8,239.3,0,653523.4,MGB Form 29-18 Quarterly Energy Consumption Report,DENR-MGB,SYNTHETIC_DEMO
EC-2025Q4-016,2025,4,MGB-FAC-016,Synthetic Mineral Operation 16,R10,Northern Mindanao,Copper concentrate,158928.1,2674.1,0,2191409,MGB Form 29-18 Quarterly Energy Consumption Report,DENR-MGB,SYNTHETIC_DEMO
EC-2025Q4-017,2025,4,MGB-FAC-017,Synthetic Mineral Operation 17,NCR,National Capital Region,Limestone,111689.8,18007.6,1139.5,2362414.5,MGB Form 29-18 Quarterly Energy Consumption Report,DENR-MGB,SYNTHETIC_DEMO
EC-2025Q4-018,2025,4,MGB-FAC-018,Synthetic Mineral Operation 18,R04A,CALABARZON,Silica,163893.5,19085,0,2580397.1,MGB Form 29-18 Quarterly Energy Consumption Report,DENR-MGB,SYNTHETIC_DEMO
EC-2025Q4-019,2025,4,MGB-FAC-019,Synthetic Mineral Operation 19,R08,Eastern Visayas,Chromite,94905.4,4976.3,0,1813240.1,MGB Form 29-18 Quarterly Energy Consumption Report,DENR-MGB,SYNTHETIC_DEMO
EC-2025Q4-020,2025,4,MGB-FAC-020,Synthetic Mineral Operation 20,R13,Caraga,Aggregates,181545.5,10295.6,0,1526708,MGB Form 29-18 Quarterly Energy Consumption Report,DENR-MGB,SYNTHETIC_DEMO
EC-2025Q4-021,2025,4,MGB-FAC-021,Synthetic Mineral Operation 21,R02,Cagayan Valley,Nickel ore,76005.8,16243.3,630.5,691608.8,MGB Form 29-18 Quarterly Energy Consumption Report,DENR-MGB,SYNTHETIC_DEMO
EC-2025Q4-022,2025,4,MGB-FAC-022,Synthetic Mineral Operation 22,R06,Western Visayas,Gold ore,4241.6,24746.3,0,1528254.8,MGB Form 29-18 Quarterly Energy Consumption Report,DENR-MGB,SYNTHETIC_DEMO
EC-2025Q4-023,2025,4,MGB-FAC-023,Synthetic Mineral Operation 23,R11,Davao Region,Copper concentrate,173652,7613.5,0,1945897.9,MGB Form 29-18 Quarterly Energy Consumption Report,DENR-MGB,SYNTHETIC_DEMO
EC-2025Q4-024,2025,4,MGB-FAC-024,Synthetic Mineral Operation 24,CAR,Cordillera Administrative Region,Limestone,71341.5,13617.9,414.2,1330811.4,MGB Form 29-18 Quarterly Energy Consumption Report,DENR-MGB,SYNTHETIC_DEMO
EC-2025Q4-025,2025,4,MGB-FAC-025,Synthetic Mineral Operation 25,MIMAROPA,MIMAROPA Region,Silica,157582.5,5898.4,0,168938.9,MGB Form 29-18 Quarterly Energy Consumption Report,DENR-MGB,SYNTHETIC_DEMO
EC-2025Q4-026,2025,4,MGB-FAC-026,Synthetic Mineral Operation 26,R09,Zamboanga Peninsula,Chromite,85301.7,12504.2,0,384760,MGB Form 29-18 Quarterly Energy Consumption Report,DENR-MGB,SYNTHETIC_DEMO
EC-2025Q4-027,2025,4,MGB-FAC-027,Synthetic Mineral Operation 27,BARMM,Bangsamoro Autonomous Region in Muslim Mindanao,Aggregates,188786.8,21462.2,0,356478,MGB Form 29-18 Quarterly Energy Consumption Report,DENR-MGB,SYNTHETIC_DEMO
EC-2025Q4-028,2025,4,MGB-FAC-028,Synthetic Mineral Operation 28,R03,Central Luzon,Nickel ore,104241.3,4837.5,2312.7,2403513.3,MGB Form 29-18 Quarterly Energy Consumption Report,DENR-MGB,SYNTHETIC_DEMO
EC-2025Q4-029,2025,4,MGB-FAC-029,Synthetic Mineral Operation 29,R07,Central Visayas,Gold ore,128260,17505.7,0,192423.5,MGB Form 29-18 Quarterly Energy Consumption Report,DENR-MGB,SYNTHETIC_DEMO
EC-2025Q4-030,2025,4,MGB-FAC-030,Synthetic Mineral Operation 30,R12,SOCCSKSARGEN,Copper concentrate,19436,17745.1,0,1057267.4,MGB Form 29-18 Quarterly Energy Consumption Report,DENR-MGB,SYNTHETIC_DEMO
EC-2025Q4-031,2025,4,MGB-FAC-031,Synthetic Mineral Operation 31,R01,Ilocos Region,Limestone,180367.4,17900.9,1483.6,582917.9,MGB Form 29-18 Quarterly Energy Consumption Report,DENR-MGB,SYNTHETIC_DEMO
EC-2025Q4-032,2025,4,MGB-FAC-032,Synthetic Mineral Operation 32,R05,Bicol Region,Silica,50669.3,2817.3,0,1884323.6,MGB Form 29-18 Quarterly Energy Consumption Report,DENR-MGB,SYNTHETIC_DEMO
EC-2025Q4-033,2025,4,MGB-FAC-033,Synthetic Mineral Operation 33,R10,Northern Mindanao,Chromite,155571.6,22898.8,0,663600.9,MGB Form 29-18 Quarterly Energy Consumption Report,DENR-MGB,SYNTHETIC_DEMO
EC-2025Q4-034,2025,4,MGB-FAC-034,Synthetic Mineral Operation 34,NCR,National Capital Region,Aggregates,18379.4,7445.3,0,463521.8,MGB Form 29-18 Quarterly Energy Consumption Report,DENR-MGB,SYNTHETIC_DEMO
EC-2025Q4-035,2025,4,MGB-FAC-035,Synthetic Mineral Operation 35,R04A,CALABARZON,Nickel ore,172935,7353.8,1890.2,388566.2,MGB Form 29-18 Quarterly Energy Consumption Report,DENR-MGB,SYNTHETIC_DEMO
EC-2025Q4-036,2025,4,MGB-FAC-036,Synthetic Mineral Operation 36,R08,Eastern Visayas,Gold ore,66440.9,4314.1,0,2340591.5,MGB Form 29-18 Quarterly Energy Consumption Report,DENR-MGB,SYNTHETIC_DEMO
